StationId,Date,PM2.5,NO,NO2,NOx,NH3,CO,SO2,AQI,AQI_Bucket
DL013,01-11-2017,67.35,22.49,62.52,50.87,49.69,0.56,7.05,110,Moderate
DL013,02-11-2017,62.21,21.87,48.76,43.16,47.81,0.73,6,146,Moderate
DL013,03-11-2017,97.96,29.6,47.41,48.63,60.3,0.92,10,117,Moderate
DL013,04-11-2017,135.34,35.69,48.96,59.06,49.67,1.01,8.96,306,Very Poor
DL013,05-11-2017,102.1,59.95,62.2,88.76,59.49,1.27,15.37,251,Poor
DL013,06-11-2017,181.43,109.45,66.22,122.96,88.04,1.63,17.34,334,Very Poor
DL013,07-11-2017,397.79,21.19,74.12,55.97,64.87,1.76,10.37,431,Severe
DL013,08-11-2017,417.33,30.9,79.45,66.53,69.1,2.88,21.54,492,Severe
DL013,09-11-2017,325.1,34.06,80.97,69.86,67.4,1.93,19.92,512,Severe
DL013,10-11-2017,321.83,55.88,66.42,79.66,62.54,2.31,21.38,472,Severe
DL013,11-11-2017,335.36,126.43,76.94,141.64,91.38,1.69,21.7,458,Severe
DL013,12-11-2017,306.77,81.06,66.1,99.64,76.6,1.99,10.9,449,Severe
DL013,13-11-2017,159.44,58.76,67.55,82.56,71.14,1.86,10.25,384,Very Poor
DL013,14-11-2017,122.83,24.85,67.43,55.37,55.55,1.67,10.65,314,Very Poor
DL013,15-11-2017,129.62,29.75,74.38,63.79,51.42,1.24,14.76,289,Poor
DL013,16-11-2017,182.41,21.12,54.18,45.41,38.24,1,10.02,339,Very Poor
DL013,17-11-2017,145.92,21.05,52.48,44.46,36.92,0.76,6.54,334,Very Poor
DL013,18-11-2017,123.07,16.54,53.08,41.17,36.06,0.7,11.08,306,Very Poor
DL013,19-11-2017,120.11,15.32,51.97,39.61,32.67,0.71,8.86,296,Poor
DL013,20-11-2017,146.42,14.1,58.19,41.91,32.43,0.7,9.9,317,Very Poor
DL013,21-11-2017,135.62,23.71,76.37,59.16,35.26,0.89,14.88,315,Very Poor
DL013,22-11-2017,113.25,20.89,80.06,58.85,36.12,1.2,23.16,298,Poor
DL013,23-11-2017,146.81,23.98,80.88,61.76,36.5,1.38,15.25,310,Very Poor
DL013,24-11-2017,160.23,37.21,101.61,83.23,46.89,1.43,12.14,327,Very Poor
DL013,25-11-2017,144.76,32.83,91.97,74.64,43.58,2.01,10.77,325,Very Poor
DL013,26-11-2017,183.08,70.04,96.29,106.71,60.09,1.79,15.59,336,Very Poor
DL013,27-11-2017,129.34,20.79,86.48,62.15,43.94,1.23,11.54,322,Very Poor
DL013,28-11-2017,117.56,66.93,92.76,102.37,55.39,1.71,10.74,304,Very Poor
DL013,29-11-2017,167.26,183.95,119.02,209.8,100.97,2.58,16.33,320,Very Poor
DL013,30-11-2017,178.33,65.11,83.51,96.04,64.85,2.11,10.18,340,Very Poor
DL013,01-12-2017,136.09,77.96,88.54,108.96,61.07,1.61,18.07,326,Very Poor
DL013,02-12-2017,189.65,201.85,122.27,225.83,106.42,3.05,33.07,339,Very Poor
DL013,03-12-2017,165.5,84.31,119.55,130.37,73.35,2.25,30.42,343,Very Poor
DL013,04-12-2017,189.91,147.51,125.34,196.19,98.18,3.49,37.48,348,Very Poor
DL013,05-12-2017,148.73,127.28,106.93,158.7,93.35,1.56,22.47,331,Very Poor
DL013,06-12-2017,82.93,16.03,57.98,43.66,40.87,1.55,6.77,254,Poor
DL013,07-12-2017,56.98,16.05,55.23,23.96,35.12,0.54,7.95,119,Moderate
DL013,08-12-2017,88.53,20.15,65.95,0,41.55,0,15.26,151,Moderate
DL013,09-12-2017,132.02,63.02,71.86,0,49.78,0,20.59,255,Poor
DL013,10-12-2017,137.88,90.64,51.29,0,45.84,0,27.25,319,Very Poor
DL013,11-12-2017,125.68,141.55,76.41,0,83.5,0,28.52,310,Very Poor
DL013,12-12-2017,68.92,31.49,49.36,0,42.82,0,2.4,284,Poor
DL013,13-12-2017,81.27,27.73,33.47,0,53.83,0,4.77,149,Moderate
DL013,14-12-2017,84.67,20.64,24.81,0,58.82,0,6.57,173,Moderate
DL013,15-12-2017,79.43,20.79,25.66,0,53.61,0,4.56,186,Moderate
DL013,16-12-2017,77.14,20.81,37.43,0,53.2,0,3.26,155,Moderate
DL013,17-12-2017,75.23,16.35,45.36,0,47.84,0,7.12,159,Moderate
DL013,18-12-2017,85.92,20.68,57.68,0,63.81,0,9.98,170,Moderate
DL013,19-12-2017,102.04,39.29,60.24,0,71.39,0,14.54,210,Poor
DL013,20-12-2017,180.58,58.86,82.51,0,97.6,0,24.35,307,Very Poor
DL013,21-12-2017,164.67,34.36,57.28,0,76.11,0,21.44,348,Very Poor
DL013,22-12-2017,82.37,22.26,47.06,0,56.82,0.11,14.39,278,Poor
DL013,23-12-2017,74.05,23.88,47.77,0,59.19,0.11,7.98,142,Moderate
DL013,24-12-2017,134.89,126.37,117.31,0,151.38,0,25.17,244,Poor
DL013,25-12-2017,143.09,49.03,61.4,0,93.29,0,25.2,321,Very Poor
DL013,26-12-2017,128.8,42.15,66.57,0,91.49,0,18.82,308,Very Poor
DL013,27-12-2017,128.13,63.48,73.46,0,106.11,0,20.31,306,Very Poor
DL013,28-12-2017,131.05,55.27,58.24,0,83.07,0,26.4,309,Very Poor
DL013,29-12-2017,134.34,44.16,42.84,0,59.3,0,6.75,307,Very Poor
DL013,30-12-2017,159.36,60.06,52.8,0,74.88,0,17.65,324,Very Poor
DL013,31-12-2017,189.57,58.83,58.11,0,83.99,0,21.02,335,Very Poor
DL013,01-01-2018,197.07,54.85,44.99,0,69.62,0,26.24,359,Very Poor
DL013,02-01-2018,140.69,30.66,36.67,0,48.42,0,7.92,333,Very Poor
DL013,03-01-2018,152.83,31.83,36.15,0,49.69,0,7.18,322,Very Poor
DL013,04-01-2018,192.1,40.44,62.08,0,64.21,0,19.44,344,Very Poor
DL013,05-01-2018,146.08,54.96,51.51,0,67.65,0,14.91,330,Very Poor
DL013,06-01-2018,206.03,108.08,61.33,0,102.23,0,36.04,353,Very Poor
DL013,07-01-2018,142.44,34.22,50.13,0,57.61,0,18.74,349,Very Poor
DL013,08-01-2018,102.88,30.22,41.89,0,45.9,0,10.29,271,Poor
DL013,09-01-2018,137.66,57.32,53.08,0,66.14,0.56,17.91,298,Poor
DL013,10-01-2018,117.56,30.06,56.98,0,60.21,0.83,9.61,306,Very Poor
DL013,11-01-2018,99.66,25.43,54.09,0,55.35,0.86,5.9,244,Poor
DL013,12-01-2018,101.75,35.69,55.26,0,57.43,1.17,9.23,232,Poor
DL013,13-01-2018,155.4,120.27,59.72,0,114.11,1.82,26.52,310,Very Poor
DL013,14-01-2018,137.34,46.33,49.87,0,65.18,1.12,14.29,319,Very Poor
DL013,15-01-2018,111.33,33.35,43.98,0,53,0.59,11.2,290,Poor
DL013,16-01-2018,80.53,43.56,44.14,0,53.38,0.79,4.23,198,Moderate
DL013,17-01-2018,146.16,69.67,52.69,17.16,82.89,1.16,16.08,275,Poor
DL013,18-01-2018,190.62,76.65,76.55,107.42,96.48,1.52,24.78,335,Very Poor
DL013,19-01-2018,143.67,70.28,63.98,87.95,102.76,1.45,38.35,344,Very Poor
DL013,20-01-2018,99.41,17.02,62.75,46.35,90.77,1.06,11.67,275,Poor
DL013,21-01-2018,110.07,54.18,82.59,87.27,105.01,1.19,16.64,246,Poor
DL013,22-01-2018,130.69,54.77,99.81,96.91,118.92,1.31,21.96,302,Very Poor
DL013,23-01-2018,107.28,25.15,70.01,57.36,85.9,1.36,13.53,287,Poor
DL013,24-01-2018,77.45,17.75,48.49,39.99,78.75,0.5,8.56,187,Moderate
DL013,25-01-2018,77.23,18.33,53.03,42.87,77.74,0.85,5.89,158,Moderate
DL013,26-01-2018,75.66,13.27,33.58,28.05,66.51,0.76,6.84,150,Moderate
DL013,27-01-2018,83.56,18.69,40.52,36.5,67.3,0.72,3.82,154,Moderate
DL013,28-01-2018,99.09,19.1,45.65,39.56,64.25,0.71,8.79,219,Poor
DL013,29-01-2018,97.09,29.15,54.46,52.29,70.6,1.12,10.93,242,Poor
DL013,30-01-2018,76.83,15.76,48.28,38.54,76.99,1.04,7.59,192,Moderate
DL013,31-01-2018,70.48,11.97,43.07,32.48,80.48,0.81,5.05,133,Moderate
DL013,01-02-2018,79.99,23.03,69.69,56.63,96.56,1.18,21.37,153,Moderate
DL013,02-02-2018,66.18,16.68,50.56,39.97,84.52,0.83,16.32,136,Moderate
DL013,03-02-2018,71.92,12.97,46.32,35.01,71.27,0.84,14.43,131,Moderate
DL013,04-02-2018,69.72,12.77,46.29,34.84,72.66,0.88,10.02,139,Moderate
DL013,05-02-2018,89.68,15,62.78,45.39,65.03,1.03,17.87,162,Moderate
DL013,06-02-2018,92.63,14.79,54.34,40.15,69.37,1.26,16.25,204,Poor
DL013,07-02-2018,85.59,13.89,52.8,39.2,68.99,0.76,9.28,203,Poor
DL013,08-02-2018,123.31,30.91,62.33,57.88,78.8,0.72,17.12,222,Poor
DL013,09-02-2018,188.91,15.98,62.96,46.28,79.42,0.93,11.17,342,Very Poor
DL013,10-02-2018,207.26,61.56,82,93.7,116.62,1.68,19.4,361,Very Poor
DL013,11-02-2018,162.7,25.05,60.43,50.01,82.92,1.11,21.48,352,Very Poor
DL013,12-02-2018,65.17,11.08,24.9,21.73,61.5,0.6,4.94,214,Poor
DL013,13-02-2018,106.49,23.29,40.49,40.17,77.58,1.83,9.52,188,Moderate
DL013,14-02-2018,56.65,10.36,27.01,22.66,59.95,3.06,8,182,Moderate
DL013,15-02-2018,75.56,10.75,37.83,29.28,64.19,0.9,10.47,111,Moderate
DL013,16-02-2018,99.51,13.76,44.99,34.94,63.27,1.05,13.23,218,Poor
DL013,17-02-2018,82.45,14.45,49.42,37.85,67.18,0.85,13.43,197,Moderate
DL013,18-02-2018,80.73,19.66,46.17,40.28,66.34,0.9,11.8,174,Moderate
DL013,19-02-2018,135.14,57.43,71.67,84.07,79.85,1.4,18.16,269,Poor
DL013,20-02-2018,111.37,29.38,58.81,54.02,70.14,1.33,5.19,274,Poor
DL013,21-02-2018,81.86,67.01,81.87,95.23,108.67,2.24,15.43,264,Poor
DL013,22-02-2018,73.36,33.05,61.86,59.35,94.43,1.12,8.16,105,Moderate
DL013,23-02-2018,234.42,25.64,56.41,51.16,92.23,2.04,11.86,347,Very Poor
DL013,24-02-2018,154.99,19.4,59.48,45.81,76.27,1,5.93,337,Very Poor
DL013,25-02-2018,108.26,15.95,32.58,30.09,55.39,0.76,7.81,315,Very Poor
DL013,26-02-2018,54.51,12.45,21.41,21.35,40.3,0.86,9.37,137,Moderate
DL013,27-02-2018,62.58,15.6,34.38,30.77,47.21,0.82,10.41,91,Satisfactory
DL013,28-02-2018,124.31,20.8,39.39,37.6,53.77,1.23,18.71,239,Poor
DL013,01-03-2018,97.45,19.58,39.5,36.68,53.39,1.11,12.89,264,Poor
DL013,02-03-2018,147.18,40.84,48.49,58.46,70.63,1.84,22.44,310,Very Poor
DL013,03-03-2018,63.97,16.31,32.52,30.34,52.82,1.03,13.91,165,Moderate
DL013,04-03-2018,72.21,16.11,31.45,29.62,43.14,0.92,12.38,156,Moderate
DL013,05-03-2018,57.06,14.07,32.67,28.64,44.35,1.12,10.55,116,Moderate
DL013,06-03-2018,66.68,12.14,36.39,29.07,42.16,0.68,13.28,116,Moderate
DL013,07-03-2018,69.9,13.23,53.77,39.53,48.51,0.93,11.59,128,Moderate
DL013,08-03-2018,102.23,41.26,70.18,71.22,73.76,1.54,15.02,183,Moderate
DL013,09-03-2018,100.48,17.71,66.48,49.53,85.77,2.04,12.07,280,Poor
DL013,10-03-2018,59.43,9.55,40.72,29.3,66.79,0.82,5.95,127,Moderate
DL013,11-03-2018,59.98,9.64,45.78,32.07,55.14,0.82,13.92,96,Satisfactory
DL013,12-03-2018,74.35,9.92,47.85,33.38,50.05,0.97,20.28,145,Moderate
DL013,13-03-2018,96.63,15.76,53.01,40.8,39.78,1.24,20.59,157,Moderate
DL013,14-03-2018,136.48,36.67,61.99,62.18,46.55,1.51,51.48,302,Very Poor
DL013,15-03-2018,114.89,15.21,39.95,33.42,24.37,0.94,28.2,304,Very Poor
DL013,16-03-2018,114.2,10.29,26.55,22.36,15.94,1.25,11.49,276,Poor
DL013,17-03-2018,56.76,9.25,17.8,16.42,14.72,0.62,7.7,162,Moderate
DL013,18-03-2018,66.15,9,10.32,11.88,11.74,0.63,9.93,117,Moderate
DL013,19-03-2018,59.97,10.57,38.02,28.67,32.65,0.67,12.66,100,Satisfactory
DL013,20-03-2018,112.51,25.94,76.32,61.35,53.28,1.31,26.03,174,Moderate
DL013,21-03-2018,132.54,19.63,53.3,44.03,55.06,1.02,38.88,322,Very Poor
DL013,22-03-2018,65.35,12.41,38.57,30.44,41.3,1.15,14.31,148,Moderate
DL013,23-03-2018,53.95,10.54,34.72,26.56,42.67,0.79,9.35,112,Moderate
DL013,24-03-2018,76.21,11,40.51,30.35,38.88,0.56,14.52,111,Moderate
DL013,25-03-2018,109.18,10.14,38.73,28.71,43.75,0.74,14.09,243,Poor
DL013,26-03-2018,97.14,10.82,46.67,33.48,46.36,0.83,16.44,218,Poor
DL013,27-03-2018,103.51,17.92,64.03,48.98,46.62,2.4,19.4,255,Poor
DL013,28-03-2018,95.39,35.28,72.91,67.85,64.32,0.94,17.1,232,Poor
DL013,29-03-2018,94.1,10.32,44.39,31.87,45.03,0.65,8,229,Poor
DL013,30-03-2018,96.2,11.12,55.42,38.37,45.2,0.54,12.55,212,Poor
DL013,31-03-2018,112.62,11.44,47.05,34.18,48.88,0.58,15.68,275,Poor
DL013,01-04-2018,74,9.97,42.72,30.7,48.38,0.5,12.53,185,Moderate
DL013,02-04-2018,90.22,11.96,56.02,39.37,52.28,0.64,18.99,172,Moderate
DL013,03-04-2018,89.45,11.43,57.14,39.06,53.53,0.75,37.53,206,Poor
DL013,04-04-2018,97.38,12.23,62.11,42.82,66.08,0.85,18.62,196,Moderate
DL013,05-04-2018,127.21,16.75,64.82,47.18,71.43,1.15,21.54,296,Poor
DL013,06-04-2018,102.81,12.23,49.47,35.67,53.21,0.43,21.52,266,Poor
DL013,07-04-2018,43.67,11.25,35.12,27.68,45.97,0.45,7.95,122,Moderate
DL013,08-04-2018,48.38,9.9,32.43,25.17,48.53,0.42,9.51,74,Satisfactory
DL013,09-04-2018,55.52,15.69,44.42,36.57,45.78,0.52,7.54,89,Satisfactory
DL013,10-04-2018,79.44,14.94,47.41,36.43,63.34,0.67,12.38,122,Moderate
DL013,11-04-2018,65.71,10.75,33.22,26.28,52.95,0.72,8.96,159,Moderate
DL013,12-04-2018,63.86,15.95,40.6,34.35,48.13,0.51,6.99,104,Moderate
DL013,13-04-2018,92.3,20.86,55.72,46.33,46.67,0.73,14.18,201,Poor
DL013,14-04-2018,73.14,17.68,59.22,45.65,51.06,0.62,12.76,147,Moderate
DL013,15-04-2018,95.39,26.18,70.12,58.13,66.45,0.57,16.41,200,Moderate
DL013,16-04-2018,119.71,50.34,71.36,78.23,80.95,1.2,21.68,284,Poor
DL013,17-04-2018,110.67,26.05,54.58,50.12,59.85,0.67,20.09,250,Poor
DL013,18-04-2018,98.12,10.81,47.23,33.78,49.12,0.59,2.11,239,Poor
DL013,19-04-2018,93.89,12.12,59.01,41.09,53.07,0.64,46.42,234,Poor
DL013,20-04-2018,147.45,11.04,46.94,33.8,41.32,0.53,52.15,276,Poor
DL013,21-04-2018,163.02,11.17,39.17,29.77,45.11,0.6,21.3,333,Very Poor
DL013,22-04-2018,93.14,9.51,40.94,29.38,49.6,1.25,23.17,287,Poor
DL013,23-04-2018,67.77,12.12,50.46,36.54,43.31,0.66,13.14,166,Moderate
DL013,24-04-2018,72.31,16.72,75.47,53.51,50.28,0.69,25.7,112,Moderate
DL013,25-04-2018,118.37,65.98,103.32,107.76,83.42,1.32,25.17,263,Poor
DL013,26-04-2018,151.71,50.81,97.45,92.48,79,1.17,28.39,311,Very Poor
DL013,27-04-2018,124.22,14.91,49.83,38.43,72.38,0.72,19.54,315,Very Poor
DL013,28-04-2018,90.63,11.16,35.05,27.57,61.81,0.6,17.71,220,Poor
DL013,29-04-2018,94.38,11.5,46.38,33.86,62.09,0.8,43.26,204,Poor
DL013,30-04-2018,73.94,16.81,55.81,43.13,55.47,0.56,15.01,185,Moderate
DL013,01-05-2018,57.41,10.65,27.01,22.88,40.3,0.42,9.76,118,Moderate
DL013,02-05-2018,69.01,10.91,28.73,24.01,57.01,0.75,8.77,114,Moderate
DL013,03-05-2018,44.27,10.62,33.08,26.34,38.19,0.24,9.28,112,Moderate
DL013,04-05-2018,37.68,9.36,28.22,22.5,41.56,0.37,10.43,63,Satisfactory
DL013,05-05-2018,70.01,10.93,52.54,36.69,41.21,0.43,13.63,95,Satisfactory
DL013,06-05-2018,110,19.25,66.58,50.82,45.58,0.29,28.93,241,Poor
DL013,07-05-2018,103.15,17.09,59.74,45.45,42.37,0.34,30.03,231,Poor
DL013,08-05-2018,78.45,9.57,23.5,20.14,33.54,0.34,12.61,243,Poor
DL013,09-05-2018,73.37,15.98,61.18,45.32,49.18,0.39,17.91,99,Satisfactory
DL013,10-05-2018,81.23,32.34,76.11,68.12,80.35,0.28,18.66,177,Moderate
DL013,11-05-2018,127.06,22.69,101.69,72.24,77.71,0.54,30.1,253,Poor
DL013,12-05-2018,141.45,22.06,98.31,69.94,80.66,0.5,33.01,312,Very Poor
DL013,13-05-2018,82.94,9.73,30.33,23.91,72.55,0.62,14.45,253,Poor
DL013,14-05-2018,48.95,9.82,35.48,26.89,40.52,0.48,13.77,113,Moderate
DL013,15-05-2018,69.69,8.1,23.85,18.97,42.47,1.09,18.86,124,Moderate
DL013,16-05-2018,97.38,9.34,29.74,23.34,50.6,1.22,14.33,183,Moderate
DL013,17-05-2018,139.98,8.98,22.88,20.91,53.41,0.83,16.3,272,Poor
DL013,18-05-2018,108.36,9.36,23.74,21.54,54.04,1.04,18.7,,
DL013,19-05-2018,120.39,15.41,26.39,27.89,60.39,1.35,22.71,291,Poor
DL013,20-05-2018,115.36,7.8,12.16,14.57,47.07,1.65,15.59,297,Poor
DL013,21-05-2018,92.98,8.26,19.38,18.34,35.88,0.99,14,251,Poor
DL013,22-05-2018,101.38,11.26,27.85,24.82,25.8,1.17,15.09,204,Poor
DL013,23-05-2018,172.16,21.77,29.48,34.1,32.05,1.94,20.81,323,Very Poor
DL013,24-05-2018,139.63,9.94,20.97,20.1,21.49,0.97,21.46,324,Very Poor
DL013,25-05-2018,100.89,9.81,21.66,20.37,11.45,0.94,19.67,278,Poor
DL013,26-05-2018,103.34,11.19,25.61,23.58,15.13,0.84,21.45,233,Poor
DL013,27-05-2018,132.51,12.86,25.05,24.62,18.98,0.94,22.19,286,Poor
DL013,28-05-2018,150.95,10.18,20.33,19.96,16.56,1.14,18.19,317,Very Poor
DL013,29-05-2018,129.05,15.2,20.25,23.93,19.81,1.16,14.52,318,Very Poor
DL013,30-05-2018,78.97,8.91,13.51,15.31,16.11,0.55,2.3,216,Poor
DL013,31-05-2018,88.43,9.72,24.25,21.67,31.54,0.76,7.7,181,Moderate
DL013,01-06-2018,90.51,9.62,21.29,20.02,36.6,0.81,6.35,180,Moderate
DL013,02-06-2018,54.78,9.26,25.35,21.89,31.43,0.66,6.94,155,Moderate
DL013,03-06-2018,53.11,9.26,22.24,20.24,35.21,0.74,7.02,89,Satisfactory
DL013,04-06-2018,127.67,9,20.81,19.27,31.63,0.91,4.83,119,Moderate
DL013,05-06-2018,49.72,9.09,20.99,19.44,28.61,0.63,4.67,156,Moderate
DL013,06-06-2018,57.75,8.54,19.75,18.45,41.65,0.85,14.37,96,Satisfactory
DL013,07-06-2018,62.49,8.33,25.58,20.27,29.26,0.79,29.87,96,Satisfactory
DL013,08-06-2018,68.42,7.89,21.32,17.4,30.24,0.73,15.39,126,Moderate
DL013,09-06-2018,48.27,7.9,14.94,14.27,15.36,0.8,16.61,100,Satisfactory
DL013,10-06-2018,76.97,9.56,16.34,15.18,12.76,1.61,24.03,152,Moderate
DL013,11-06-2018,101.66,7.53,25.49,18.48,23.33,0.94,12.05,206,Poor
DL013,12-06-2018,200.96,8.52,40.05,28.11,55.55,0.78,21.74,252,Poor
DL013,13-06-2018,435.07,8.64,27.11,21.34,58.41,0.95,17.68,476,Severe
DL013,14-06-2018,359.77,6.01,26.03,18.65,46.71,0.96,20.04,544,Severe
DL013,15-06-2018,305.43,6.6,28.51,20.44,47.91,0.51,18.47,464,Severe
DL013,16-06-2018,229.59,6.08,34.27,24.68,46.79,0.52,9.6,405,Severe
DL013,17-06-2018,101.64,5.07,24.43,17.05,41.52,0.66,8.77,324,Very Poor
DL013,18-06-2018,86.54,6.96,36.3,24.88,35.25,0.9,10.41,188,Moderate
DL013,19-06-2018,54.05,5.58,29.26,20.03,54.89,0.64,7.61,120,Moderate
DL013,20-06-2018,71.7,10.74,39.98,29.86,45.62,0.78,11.53,124,Moderate
DL013,21-06-2018,88.12,6.58,41.98,27.59,54.45,0.72,10.09,163,Moderate
DL013,22-06-2018,101.9,20.1,63.29,49.74,47.47,0.86,18.17,226,Poor
DL013,23-06-2018,84.84,16.93,59.98,45.45,52.15,1.49,20.28,217,Poor
DL013,24-06-2018,63.32,6.92,35.4,24.37,45.22,0.63,16.16,140,Moderate
DL013,25-06-2018,88.27,9.07,43.19,30.23,46.94,0.69,16.7,150,Moderate
DL013,26-06-2018,60.6,6.18,39.71,26.06,44.76,0.59,13.47,146,Moderate
DL013,27-06-2018,68.91,5.95,30.25,20.85,46.6,0.95,12.58,125,Moderate
DL013,28-06-2018,45.98,5.98,29.86,20.66,49.74,0.66,11.87,102,Moderate
DL013,29-06-2018,40.62,4.92,23.48,16.43,42.48,0.46,7.5,71,Satisfactory
DL013,30-06-2018,51.27,4.01,14.44,10.88,13.68,0.49,7.33,82,Satisfactory
DL013,01-07-2018,59.29,5.63,36.05,23.68,78.33,0.33,8.09,93,Satisfactory
DL013,02-07-2018,48.6,5.67,32.99,22.08,72.64,0.4,5.36,78,Satisfactory
DL013,03-07-2018,56.87,8.14,51.71,34.02,58.02,0.57,8.64,89,Satisfactory
DL013,04-07-2018,64.16,5.8,38.68,25.22,50.39,0.35,6.94,107,Moderate
DL013,05-07-2018,63.19,7.86,38.65,26.85,62.17,0.61,8.76,103,Moderate
DL013,06-07-2018,84.21,6.83,36.59,24.92,51.29,0.58,10.68,161,Moderate
DL013,07-07-2018,83.99,6.04,38.72,25.21,94.15,0.38,9.37,183,Moderate
DL013,08-07-2018,87.83,9.61,69.91,21.14,124.85,2.21,8.03,176,Moderate
DL013,09-07-2018,82.1,5.7,40.75,24.03,108.58,0.67,10.6,171,Moderate
DL013,10-07-2018,64.41,6.59,32.44,22.53,71.67,0.37,19.41,146,Moderate
DL013,11-07-2018,55.08,5.92,41.02,26.56,57.74,0.72,23.22,98,Satisfactory
DL013,12-07-2018,72.44,13.53,56.29,40.76,51.85,0.48,27.99,106,Moderate
DL013,13-07-2018,44.49,12.32,41.04,31.69,64.39,0.64,21.42,153,Moderate
DL013,14-07-2018,47.91,9.27,35.6,26.36,83,0.52,16.03,82,Satisfactory
DL013,15-07-2018,47.76,8.42,41.69,28.92,77.61,0.61,9.5,78,Satisfactory
DL013,16-07-2018,60.57,11.48,23.91,21.9,94.56,0.56,9.32,88,Satisfactory
DL013,17-07-2018,48.71,10.74,33.96,26.61,70.75,0.44,9.04,107,Moderate
DL013,18-07-2018,54.89,12.11,50.37,36.47,112.22,0.56,6.77,85,Satisfactory
DL013,19-07-2018,60.32,8.65,28.97,22.31,113.72,0.42,7.94,102,Moderate
DL013,20-07-2018,60.02,15.11,31.45,28.78,91.74,0.51,11.58,99,Satisfactory
DL013,21-07-2018,68.92,11.39,38.9,29.88,107.08,0.67,13.05,114,Moderate
DL013,22-07-2018,36.99,10.23,36.41,27.23,90.17,0.43,11.98,97,Satisfactory
DL013,23-07-2018,66.75,11.69,30.32,25.48,73.1,0.57,12.06,128,Moderate
DL013,24-07-2018,54.91,10.79,26.44,22.69,70.73,0.55,11.1,95,Satisfactory
DL013,25-07-2018,43.89,11.73,30.74,25.74,68.85,0.52,11.5,76,Satisfactory
DL013,26-07-2018,40.46,11.89,27.9,24.35,66.37,0.61,12.09,74,Satisfactory
DL013,27-07-2018,35.75,9.19,21.13,18.59,58.62,0.61,12.73,64,Satisfactory
DL013,28-07-2018,40.36,10.64,24.7,21.65,53.03,0.79,10.04,,
DL013,29-07-2018,54.7,11.52,18.19,18.89,55,0.49,15.29,79,Satisfactory
DL013,30-07-2018,52.11,14.93,41.28,33.87,82.51,0.54,10.92,92,Satisfactory
DL013,31-07-2018,62.48,8.94,24.82,20.36,63.62,0.7,11.49,96,Satisfactory
DL013,01-08-2018,74.24,11.1,35.65,27.84,50.69,0.52,13.58,126,Moderate
DL013,02-08-2018,90.73,8.86,19.08,17.23,65.33,0.52,14.56,181,Moderate
DL013,03-08-2018,79.17,12.63,40.52,31.66,60.68,0.36,13.53,192,Moderate
DL013,04-08-2018,88.09,10.02,27.58,22.69,58.2,0.62,12.25,160,Moderate
DL013,05-08-2018,79.37,11.05,25.1,22.19,59.99,0.59,13.18,198,Moderate
DL013,06-08-2018,58.02,10.1,19.96,18.7,65.53,0.54,11.99,129,Moderate
DL013,07-08-2018,41.93,6.44,22.27,17,58.44,0.57,10.57,83,Satisfactory
DL013,08-08-2018,40.75,8.72,21.39,18.35,44.57,0.52,10.61,68,Satisfactory
DL013,09-08-2018,37.38,7.78,20.71,17.24,29.23,0.56,8.75,64,Satisfactory
DL013,10-08-2018,61.71,9.12,24.09,20.1,27.09,0.59,11.67,80,Satisfactory
DL013,11-08-2018,52.05,9,35.34,26,23.09,0.39,9.26,104,Moderate
DL013,12-08-2018,48.17,5.94,13.53,11.95,9.47,0.51,7.25,78,Satisfactory
DL013,13-08-2018,53.44,7.31,14.9,13.77,4.86,0.56,9.94,90,Satisfactory
DL013,14-08-2018,63.22,6.37,13.42,12.23,3.89,0.54,10.05,98,Satisfactory
DL013,15-08-2018,66.07,,,,,0.72,3.95,121,Moderate
DL013,16-08-2018,56.41,17.96,24.53,27.29,35.4,0.62,7.04,103,Moderate
DL013,17-08-2018,43.77,9.1,30.32,23.35,18.21,0.75,8.96,98,Satisfactory
DL013,18-08-2018,40.89,8.37,27.09,21.11,19.8,0.38,8.23,70,Satisfactory
DL013,19-08-2018,54.97,14.76,32.92,29.32,30.89,0.53,10.29,71,Satisfactory
DL013,20-08-2018,55.8,30.44,28.36,39.43,27.94,0.69,15.14,107,Moderate
DL013,21-08-2018,31.3,9.17,37.44,27.25,12.24,0.45,9.36,71,Satisfactory
DL013,22-08-2018,39.5,7.21,29.23,21.31,15.99,0.54,8.45,76,Satisfactory
DL013,23-08-2018,38.7,7.7,22.23,17.99,18.93,0.59,7.18,66,Satisfactory
DL013,24-08-2018,35.62,11.19,25.91,22.73,19.04,0.58,7.68,68,Satisfactory
DL013,25-08-2018,29.62,10.94,29.09,24.23,25.14,0.63,13.43,92,Satisfactory
DL013,26-08-2018,,,,,,,,,
DL013,27-08-2018,,,,,,,,,
DL013,28-08-2018,33.19,75.82,75.03,96.47,111.99,0.74,2.99,,
DL013,29-08-2018,51.77,12.84,48.53,36.09,68.37,1.7,4.53,96,Satisfactory
DL013,30-08-2018,34.65,8.25,17.03,15.67,23.45,0.32,7.29,65,Satisfactory
DL013,31-08-2018,42.27,7,25.99,19.43,13.38,0.49,10.8,68,Satisfactory
DL013,01-09-2018,49.71,7.8,22.78,18.37,12.16,0.58,14.65,79,Satisfactory
DL013,02-09-2018,,7.48,17.82,15.46,6.06,0.56,16.41,80,Satisfactory
DL013,03-09-2018,21.43,10.19,19.82,18.69,47.02,0.74,13.83,,
DL013,04-09-2018,57.87,22.2,22.9,29.93,35.28,0.66,23.75,,
DL013,05-09-2018,48.47,13.49,25.81,24.52,24.12,0.72,11.23,93,Satisfactory
DL013,06-09-2018,42.83,21.39,29.03,32.56,21.81,0.57,11.64,80,Satisfactory
DL013,07-09-2018,64.69,19.18,31.96,32.34,18.26,0.66,11.69,74,Satisfactory
DL013,08-09-2018,49.99,10.42,22.51,20.08,13.39,0.58,8.92,131,Moderate
DL013,09-09-2018,30.29,7.96,44.24,29.9,21.06,0.63,2.77,60,Satisfactory
DL013,10-09-2018,35.53,7.67,24.66,19.25,20.47,0.8,3.73,60,Satisfactory
DL013,11-09-2018,29.78,7.72,20.72,17.19,15.65,0.81,11.1,72,Satisfactory
DL013,12-09-2018,37.05,6.85,21.09,16.7,13.98,0.71,14.52,71,Satisfactory
DL013,13-09-2018,34.26,6.95,19.79,16.09,13.82,0.69,14.07,61,Satisfactory
DL013,14-09-2018,35.07,6.12,21.29,16.22,14.18,0.62,14.19,66,Satisfactory
DL013,15-09-2018,32.07,7.79,25.78,19.96,12.21,0.57,13.51,60,Satisfactory
DL013,16-09-2018,49.33,6.38,23.98,17.86,19.34,0.56,9.41,74,Satisfactory
DL013,17-09-2018,51.57,6.01,22.76,16.92,20.13,0.66,8.64,92,Satisfactory
DL013,18-09-2018,57.58,6.28,23.87,17.71,21.56,1.02,10.75,124,Moderate
DL013,19-09-2018,48.15,9.43,39.38,28.49,36.42,0.84,11.3,86,Satisfactory
DL013,20-09-2018,55.74,8.44,29.83,22.62,19.73,0.69,12.09,85,Satisfactory
DL013,21-09-2018,48.94,7.24,22.77,17.92,13.66,0.65,13.48,114,Moderate
DL013,22-09-2018,25.53,7.48,19.03,16.11,12.81,0.63,9.87,72,Satisfactory
DL013,23-09-2018,32.92,7.34,22.24,17.7,10.96,0.49,10.3,52,Satisfactory
DL013,24-09-2018,31.76,8.15,21,17.69,19.45,0.6,11.59,55,Satisfactory
DL013,25-09-2018,17.46,10.4,26.93,22.64,36.67,0.57,10.74,60,Satisfactory
DL013,26-09-2018,17.78,11.87,36.61,28.97,37.16,0.76,12.84,53,Satisfactory
DL013,27-09-2018,39.4,21.61,28.1,32.24,43.56,0.81,16.08,67,Satisfactory
DL013,28-09-2018,79.78,30.39,37.08,44.03,45.7,0.94,19.17,145,Moderate
DL013,29-09-2018,111.18,25.69,52.56,48.51,59.12,1.17,17.87,226,Poor
DL013,30-09-2018,36.32,5.43,25.2,14.64,48.29,0.62,10.24,176,Moderate
DL013,01-10-2018,43.22,6.78,33.3,23.14,43.56,0.71,14.11,66,Satisfactory
DL013,02-10-2018,52.85,9.41,38.26,27.67,46.31,0.5,16.38,87,Satisfactory
DL013,03-10-2018,53.84,22.23,45.33,41.89,54.78,0.77,20.24,90,Satisfactory
DL013,04-10-2018,86.05,11.84,45.74,33.8,51.48,1.03,20.51,140,Moderate
DL013,05-10-2018,107.52,31.55,43.68,48.48,63.71,1.2,26.34,243,Poor
DL013,06-10-2018,43.54,6.71,38.43,25.81,46.75,0.66,18.72,135,Moderate
DL013,07-10-2018,58.98,5.7,41.68,26.73,56.5,2.12,14.95,124,Moderate
DL013,08-10-2018,93.2,5.98,49.22,30.97,49.75,1.99,18.27,191,Moderate
DL013,09-10-2018,62.86,14.6,44.98,35.6,45.95,1.92,22.33,169,Moderate
DL013,10-10-2018,62.18,9.92,44.13,31.41,46.08,0.8,19.59,106,Moderate
DL013,11-10-2018,49.21,6.38,39.15,25.93,51.03,0.68,12.52,93,Satisfactory
DL013,12-10-2018,53.28,7.03,38.09,25.71,28.27,0.78,7.05,75,Satisfactory
DL013,13-10-2018,94.34,11.61,52.8,37.38,33.6,0.89,11.41,175,Moderate
DL013,14-10-2018,49.52,9.05,52.35,34.8,32.21,0.77,12.92,122,Moderate
DL013,15-10-2018,74.61,13.49,56.93,41.07,38.95,0.98,14.65,117,Moderate
DL013,16-10-2018,79.02,28.22,72.79,61.29,52.46,1.3,19.28,155,Moderate
DL013,17-10-2018,57.3,33.1,57.56,33.31,45.57,0.85,13.41,172,Moderate
DL013,18-10-2018,90.78,43.41,65.68,69.66,50.99,1.4,21.2,165,Moderate
DL013,19-10-2018,72.88,42.12,65.12,68.33,54.81,1.33,24.25,157,Moderate
DL013,20-10-2018,92.02,6.05,49.23,31.03,33.35,0.89,17.9,208,Poor
DL013,21-10-2018,74.97,9.76,57.61,38.46,36.39,1,18.02,170,Moderate
DL013,22-10-2018,51.47,11.04,66.97,44.45,45.89,1.01,16.09,109,Moderate
DL013,23-10-2018,51.86,25.77,82.41,64.45,54.95,1.09,19.07,98,Satisfactory
DL013,24-10-2018,87.86,47.46,79.8,80.41,50.56,1.46,27.09,161,Moderate
DL013,25-10-2018,73.65,23.47,49.6,45.17,37.73,1.36,25.26,153,Moderate
DL013,26-10-2018,96.04,27.1,51.63,48.96,50.31,1.71,25.87,189,Moderate
DL013,27-10-2018,112.41,71.14,69.39,92.45,68.6,1.8,30.97,252,Poor
DL013,28-10-2018,110.69,24.55,49.44,45.94,46.4,0.36,18.39,274,Poor
DL013,29-10-2018,99.51,35.47,58.6,59.54,47.99,0.9,32.71,241,Poor
DL013,30-10-2018,174.64,47.63,102.34,92.54,78.65,1.49,33.46,274,Poor
DL013,31-10-2018,186.43,58.57,76.51,87.56,66.53,1.1,33.08,352,Very Poor
DL013,01-11-2018,188.13,57.38,66.12,83.49,96.12,1.04,32.57,354,Very Poor
DL013,02-11-2018,158.39,19.33,66.74,50.97,69.36,0.9,21.98,336,Very Poor
DL013,03-11-2018,119.02,8.62,50.31,33.12,57.04,0.83,10.34,317,Very Poor
DL013,04-11-2018,63.23,4.8,23.27,14.66,42.67,0.62,8.61,153,Moderate
DL013,05-11-2018,264.52,5.81,38.82,25.36,38.35,1.12,19.29,331,Very Poor
DL013,06-11-2018,136.64,6.84,43.68,28.71,34.54,0.72,21.39,359,Very Poor
DL013,07-11-2018,136.24,16.24,48.41,38.75,54.74,1.3,29.3,298,Poor
DL013,08-11-2018,407.48,71.34,73.54,96.18,78.41,0.94,41.61,462,Severe
DL013,09-11-2018,246.75,49.07,68.66,75.78,72.96,2.03,34.99,440,Severe
DL013,10-11-2018,223.58,64.38,91.23,100.03,89.11,2.42,20.34,372,Very Poor
DL013,11-11-2018,192.87,45.09,73.61,75.23,79.15,2.03,15.07,360,Very Poor
DL013,12-11-2018,191.78,44.3,65.04,70.03,80.23,2.05,19.31,359,Very Poor
DL013,13-11-2018,218.21,73.65,88.97,106.24,102.03,2.45,40.46,363,Very Poor
DL013,14-11-2018,125.39,27.53,65.77,56.08,82.32,1.45,26.8,339,Very Poor
DL013,15-11-2018,77.35,10.66,44.88,31.22,65.64,0.82,17.96,212,Poor
DL013,16-11-2018,90.14,5.39,43.51,27.46,47.29,0.72,11.33,196,Moderate
DL013,17-11-2018,103.06,15.4,54.87,41.51,51.39,1.1,11.81,214,Poor
DL013,18-11-2018,145.48,56.66,77.99,86.82,73.89,1.07,14.73,299,Poor
DL013,19-11-2018,150.19,5.11,60.3,36.17,53.17,0.3,13.43,322,Very Poor
DL013,20-11-2018,169.41,25.21,77.03,60.41,65.95,1.56,14.83,330,Very Poor
DL013,21-11-2018,153.19,13,67.99,46.56,55.51,1.06,12.84,338,Very Poor
DL013,22-11-2018,111.92,41.27,78.32,58.54,60.4,1.31,12.52,293,Poor
DL013,23-11-2018,132.61,43.85,75.2,75.08,59.18,1.64,14.69,316,Very Poor
DL013,24-11-2018,85.45,11.42,50.63,36.07,39.11,0.93,14.4,209,Poor
DL013,25-11-2018,104.69,29.35,71.73,60.15,49.07,1.22,20.27,227,Poor
DL013,26-11-2018,125.07,59.09,70.36,81.33,68.19,1.84,24.19,294,Poor
DL013,27-11-2018,175.28,217.56,126.28,238.82,156.88,3.59,48.79,328,Very Poor
DL013,28-11-2018,169.91,103.51,98.08,134.98,105.42,2.28,34.76,332,Very Poor
DL013,29-11-2018,174.37,59.17,74.05,86.73,87.83,1.58,19.92,355,Very Poor
DL013,30-11-2018,131.83,21.37,70.32,54.5,60.06,1.08,16.26,316,Very Poor
DL013,01-12-2018,101.3,42.35,70.98,71.64,58.04,1.32,15.4,272,Poor
DL013,02-12-2018,152.93,138.08,113.51,170.84,101,2.65,21.51,297,Poor
DL013,03-12-2018,126.37,78.99,82.95,107.31,76.49,2.02,16.81,320,Very Poor
DL013,04-12-2018,215.84,101.05,103.14,135.7,98.45,2.52,15.35,354,Very Poor
DL013,05-12-2018,138.49,73.95,73.39,98.19,79.62,1.91,27.15,335,Very Poor
DL013,06-12-2018,184.94,77.23,75.4,101.88,79.25,2.17,20.15,336,Very Poor
DL013,07-12-2018,135.4,22.65,60.99,50.56,55.13,1.12,16.73,322,Very Poor
DL013,08-12-2018,144.56,34.79,68.92,64.5,59.84,1.26,14.46,309,Very Poor
DL013,09-12-2018,200.17,46.61,79.08,79.47,63.3,1.59,13.41,352,Very Poor
DL013,10-12-2018,223.65,50.74,76.08,81.06,67.87,1.61,20.15,366,Very Poor
DL013,11-12-2018,230.92,104.32,94.85,133.91,81.33,2.48,39.21,,
DL013,12-12-2018,137.35,58.06,83.12,90.66,68.76,1.4,22.11,,
DL013,13-12-2018,110.83,10.2,28.35,23.24,36.75,0.98,16.38,275,Poor
DL013,14-12-2018,101.69,8.81,40.1,28.38,40.95,0.95,11.31,249,Poor
DL013,15-12-2018,120.02,8.11,51.06,33.65,43.45,1.01,14.16,263,Poor
DL013,16-12-2018,170.43,15.17,65.59,47.02,56.53,0.84,15.2,311,Very Poor
DL013,17-12-2018,168.17,19.72,61.19,48.32,51.28,1.15,8.62,352,Very Poor
DL013,18-12-2018,185,13.24,68.87,47.22,56.85,1.21,8.05,345,Very Poor
DL013,19-12-2018,202.67,16.83,76.67,54.25,58.74,1.4,16.81,360,Very Poor
DL013,20-12-2018,243.12,38.97,77.04,72.16,56.36,1.98,20.29,377,Very Poor
DL013,21-12-2018,186.83,21.36,75.27,56.7,60.19,1.29,16.61,362,Very Poor
DL013,22-12-2018,309.3,62.38,92.53,99.12,65.28,2.19,26.5,407,Severe
DL013,23-12-2018,378.1,108.02,87.78,130.57,82.06,3.43,50.32,498,Severe
DL013,24-12-2018,383.06,108.63,80.12,129.52,75.76,3.06,37.71,504,Severe
DL013,25-12-2018,219.01,10.87,64.24,42.86,56.95,1.53,15.6,412,Severe
DL013,26-12-2018,208.63,42.76,71.24,72.1,53.55,1.92,17.74,373,Very Poor
DL013,27-12-2018,307.53,122.93,90.25,146.35,78.04,2.91,39.25,433,Severe
DL013,28-12-2018,224.7,15.51,60.58,44.63,52.89,1.91,3.93,386,Very Poor
DL013,29-12-2018,223.37,36.54,69.24,66.06,51.93,1.68,6.36,385,Very Poor
DL013,30-12-2018,355.39,114.42,83.58,136,71.72,3.19,13.47,442,Severe
DL013,31-12-2018,313.3,47.83,70,75.5,61.23,2.37,12.48,476,Severe
DL013,01-01-2019,260.75,64.88,77.4,93.07,67.47,2.17,11.3,404,Severe
DL013,02-01-2019,334.59,112.48,90.75,138.26,75.27,1.02,17.66,452,Severe
DL013,03-01-2019,342.76,53.25,75.44,82.73,25.7,0.47,10.93,468,Severe
DL013,04-01-2019,256.85,23.81,59.79,50.85,25.9,2.09,4.17,415,Severe
DL013,05-01-2019,249.89,26.4,53.25,49.45,45.68,1.88,6.23,416,Severe
DL013,06-01-2019,184.61,15.45,44.74,36.16,51.67,0.84,4.93,369,Very Poor
DL013,07-01-2019,168.35,19.37,54.27,44.37,53.72,0.68,6.08,336,Very Poor
DL013,08-01-2019,132.21,12.14,50.5,36.58,43.62,0.65,4.84,324,Very Poor
DL013,09-01-2019,134.45,8.55,49.82,33.34,35.83,0.62,3.66,315,Very Poor
DL013,10-01-2019,148.14,16.15,54.07,41.68,36.69,0.85,4.39,313,Very Poor
DL013,11-01-2019,289.39,65.86,64.88,87.2,42.36,1.76,12.87,388,Very Poor
DL013,12-01-2019,417,143.22,96.25,165.77,56.39,2.88,24.21,504,Severe
DL013,13-01-2019,328.74,73.72,78.01,100.47,46.13,2.02,22.36,484,Severe
DL013,14-01-2019,84.32,5.57,38.6,24.99,31.03,0.57,6.5,321,Very Poor
DL013,15-01-2019,123.25,13.03,55.16,39.76,27.52,0.98,4.83,234,Poor
DL013,16-01-2019,257.71,74.49,80.92,102.63,32.25,1.64,12.59,366,Very Poor
DL013,17-01-2019,402.81,87.41,84.62,114.94,41.68,2.2,21.51,485,Severe
DL013,18-01-2019,217.85,17.53,70.95,51.76,34.23,1.56,9.47,420,Severe
DL013,19-01-2019,256.17,63.95,88.91,98.45,30.89,1.65,12.86,391,Very Poor
DL013,20-01-2019,372.08,144.33,121,179.82,47.64,2.87,25.65,476,Severe
DL013,21-01-2019,222.23,70.89,61.86,89.61,49.1,1.71,23.26,432,Severe
DL013,22-01-2019,40.85,7.31,33.87,23.87,44.31,1.11,6.05,180,Moderate
DL013,23-01-2019,135.86,29.16,42.16,46,28.81,1.33,7.24,198,Moderate
DL013,24-01-2019,160.73,18.41,39.87,36.41,21.9,1.02,8.41,340,Very Poor
DL013,25-01-2019,71.99,4.48,34.75,22.4,16.67,0.4,3.79,198,Moderate
DL013,26-01-2019,86.15,3.78,36.75,22.88,14.73,0.73,4.3,185,Moderate
DL013,27-01-2019,112.69,5.49,46.38,28.83,16,0.62,3.44,222,Poor
DL013,28-01-2019,105.59,6.61,51.66,32.98,16.83,0.68,3.99,273,Poor
DL013,29-01-2019,123.22,12.69,60.47,42.54,19.64,0.86,6.57,281,Poor
DL013,30-01-2019,190.45,36.71,83.98,73.86,39.53,1.2,12.37,325,Very Poor
DL013,31-01-2019,264.57,49.99,76.86,80.23,43.72,1.47,27.97,416,Severe
DL013,01-02-2019,174.86,9.31,50.86,34.07,37.79,0.89,15.81,343,Very Poor
DL013,02-02-2019,193.45,7.29,39.2,26.36,35.21,0.99,7.36,350,Very Poor
DL013,03-02-2019,148,8,34.01,24.2,31.99,0.93,6.75,340,Very Poor
DL013,04-02-2019,186.94,29.88,63.07,56.93,30.56,1.37,13.12,341,Very Poor
DL013,05-02-2019,291.42,98.63,96.52,129.44,39.59,2.56,25.24,410,Severe
DL013,06-02-2019,183.05,30.81,52.89,52.34,38.22,1.17,17.61,382,Very Poor
DL013,07-02-2019,65.94,4.75,24.96,16.86,29.59,0.68,7.06,240,Poor
DL013,08-02-2019,80.63,8.23,31.54,23.1,17.65,0.54,5.82,123,Moderate
DL013,09-02-2019,81.51,6.75,37.43,25,17.95,0.93,4.39,170,Moderate
DL013,10-02-2019,115.54,8.41,48.41,32.08,24.37,0.83,5.1,248,Poor
DL013,11-02-2019,160.26,15.23,49.61,38.16,12.19,1.2,8.02,315,Very Poor
DL013,12-02-2019,198.39,16.52,55.55,42.3,7.22,1.21,11.26,341,Very Poor
DL013,13-02-2019,216.62,19.94,66.75,50.9,13.41,1.4,12.23,373,Very Poor
DL013,14-02-2019,168.87,16.02,46.85,37.35,14.57,1.22,13.69,364,Very Poor
DL013,15-02-2019,114.45,8.44,33.4,24.24,15.72,1.09,8.93,278,Poor
DL013,16-02-2019,108.23,6.41,28.58,20.09,11.81,0.99,3.88,292,Poor
DL013,17-02-2019,102.02,6.68,32.46,22.34,10.19,1.08,7.36,256,Poor
DL013,18-02-2019,114.94,7.85,47.39,31.1,11.04,0.81,10.51,279,Poor
DL013,19-02-2019,124.83,17.05,49.6,39.61,11.04,1.28,9.86,242,Poor
DL013,20-02-2019,106.33,12.48,45.88,34.01,23.07,0.91,10.91,312,Very Poor
DL013,21-02-2019,94.36,23.63,43.76,41.76,34.27,1.76,11.74,193,Moderate
DL013,22-02-2019,80.66,17.86,29.91,29.95,16.86,0.83,8.1,219,Poor
DL013,23-02-2019,46.13,3.99,26.73,17.18,20.84,0.52,2.64,89,Satisfactory
DL013,24-02-2019,64.83,4.04,38.76,23.52,26.73,0.53,4.13,93,Satisfactory
DL013,25-02-2019,136.49,12.96,59.86,41.71,27.91,0.72,10.65,266,Poor
DL013,26-02-2019,67.1,12.58,47,34.67,26.73,0.92,8.78,183,Moderate
DL013,27-02-2019,49.74,5.54,29.32,19.78,26.05,0.68,4.71,97,Satisfactory
DL013,28-02-2019,116.06,14.29,40.83,32.8,23.46,0.69,7.53,232,Poor
DL013,01-03-2019,82.55,7.59,47.18,30.77,17.93,0.66,8.04,196,Moderate
DL013,02-03-2019,105.02,9.38,55.23,36.42,18.34,1.11,10.16,217,Poor
DL013,03-03-2019,47.66,10.84,34.18,26.57,16.91,1.43,4.7,146,Moderate
DL013,04-03-2019,132.85,31.5,39.24,45.75,18.62,1.34,11.06,249,Poor
DL013,05-03-2019,64.61,5.49,29.94,20.07,17.54,0.96,4.95,186,Moderate
DL013,06-03-2019,77.63,5.74,38.2,24.59,17.52,0.91,6.28,145,Moderate
DL013,07-03-2019,93.9,11.02,43.64,31.66,21.38,1.15,8.62,186,Moderate
DL013,08-03-2019,115.18,7.09,41.87,27.6,24.48,1.21,10.04,265,Poor
DL013,09-03-2019,77.08,5.59,31.95,21.2,23.77,1.03,7.21,209,Poor
DL013,10-03-2019,79.5,5.93,36.5,23.85,20.59,0.86,6.33,132,Moderate
DL013,11-03-2019,105.37,5.47,43.68,27.23,20.68,1,7.42,249,Poor
DL013,12-03-2019,70.57,3.64,21.56,13.62,13.4,0.8,6.4,168,Moderate
DL013,13-03-2019,108.97,8.9,36.77,26.37,18.32,0.93,11.26,182,Moderate
DL013,14-03-2019,135.72,9.15,36.09,26.21,34.69,0.98,15.44,320,Very Poor
DL013,15-03-2019,58.48,7.98,43.07,28.94,31.86,0.65,8.15,166,Moderate
DL013,16-03-2019,59.88,4.27,46.37,27.66,16.2,0.64,3.62,91,Satisfactory
DL013,17-03-2019,86.82,3.73,40.29,24.08,15.68,0.58,6.21,176,Moderate
DL013,18-03-2019,97.7,5.11,56.19,33.5,16.94,0.85,15.05,209,Poor
DL013,19-03-2019,88.85,14.41,66.56,46.38,15.47,0.98,30.02,214,Poor
DL013,20-03-2019,101.57,21.4,65.9,51.62,15.85,1.13,48.34,235,Poor
DL013,21-03-2019,131.08,5.78,39.6,25.36,16.22,1.14,37.22,301,Very Poor
DL013,22-03-2019,51.62,3.62,28.92,18.03,16.06,0.51,24.94,142,Moderate
DL013,23-03-2019,55.27,3.57,35.93,21.67,16.62,0.6,20.06,96,Satisfactory
DL013,24-03-2019,56.89,5.27,38.54,24.4,17.29,0.69,24.92,89,Satisfactory
DL013,25-03-2019,70.85,4.37,38.22,23.51,16.52,0.6,26.85,113,Moderate
DL013,26-03-2019,74.41,5.35,46.96,28.87,16.06,0.58,19.58,160,Moderate
DL013,27-03-2019,77.58,7.17,56.99,35.57,16.19,0.66,16.97,144,Moderate
DL013,28-03-2019,129.44,20.7,73.5,55.04,13.65,1.08,18.33,253,Poor
DL013,29-03-2019,185.08,20.59,72.24,54.3,14.6,1.17,18.07,338,Very Poor
DL013,30-03-2019,165.03,7.8,60.12,37.72,15.22,0.86,24.07,340,Very Poor
DL013,31-03-2019,80.31,3.84,34.99,21.4,14.69,0.42,15.23,258,Poor
DL013,01-04-2019,56.85,3.82,35.03,21.4,17.34,0.45,10.93,107,Moderate
DL013,02-04-2019,106.28,8.6,47.75,31.87,27.65,0.86,20.06,186,Moderate
DL013,03-04-2019,80.05,10.08,51.34,34.95,35.33,1.02,18.76,196,Moderate
DL013,04-04-2019,156.86,9.63,60.06,39.15,37.43,1.43,41.93,302,Very Poor
DL013,05-04-2019,184.06,15.75,57.44,42.67,35.63,1.33,18.7,344,Very Poor
DL013,06-04-2019,134.31,13.42,48.66,35.11,31.54,1.08,9.31,313,Very Poor
DL013,07-04-2019,192.91,13.77,21.68,19.35,23.52,1.21,3.87,340,Very Poor
DL013,08-04-2019,154.39,11.88,40.84,27.86,29.08,0.86,2.83,343,Very Poor
DL013,09-04-2019,108.79,13.72,42.69,30.33,31.68,1.11,8.78,291,Poor
DL013,10-04-2019,135.11,13.65,42.3,30.07,31.48,1.16,12.24,309,Very Poor
DL013,11-04-2019,113.36,7.38,35.19,21.33,26.72,0.97,12.46,283,Poor
DL013,12-04-2019,102.93,6.25,35.53,20.61,27.63,0.76,11.85,223,Poor
DL013,13-04-2019,72.1,5.41,28.89,16.46,24.21,0.55,12.53,219,Poor
DL013,14-04-2019,73.13,5.26,29.84,16.83,24.39,0.6,12.27,116,Moderate
DL013,15-04-2019,66.52,8.04,32.58,21.92,26.04,0.82,8.54,143,Moderate
DL013,16-04-2019,108.2,14.13,26.27,25.05,26.82,0.92,8.06,264,Poor
DL013,17-04-2019,37.88,4.35,18.23,13.02,24.31,0.69,8.51,99,Satisfactory
DL013,18-04-2019,55,5.74,31,20.82,23.14,0.94,16.12,74,Satisfactory
DL013,19-04-2019,92.42,10.51,41.97,30.38,29.35,0.94,19.64,203,Poor
DL013,20-04-2019,98.19,7.36,44.69,29.29,27.14,1.07,31.59,210,Poor
DL013,21-04-2019,118.77,26.62,53.33,49.22,39.61,1.64,30.91,255,Poor
DL013,22-04-2019,122.27,11.34,53.39,37.03,33.53,1.48,32.68,304,Very Poor
DL013,23-04-2019,101.51,38.45,51.65,57.8,44.94,1.45,19.28,237,Poor
DL013,24-04-2019,103.49,5.54,42.87,26.88,22.64,0.97,15.8,237,Poor
DL013,25-04-2019,118.98,5.33,27.93,18.56,14.86,0.83,12.7,272,Poor
DL013,26-04-2019,117.92,6.62,40.01,25.93,15.96,0.94,19.3,286,Poor
DL013,27-04-2019,130.45,5.26,36.87,23.52,15.61,0.61,18.27,291,Poor
DL013,28-04-2019,123.4,5.21,35.33,22.67,16.54,0.66,8.8,308,Very Poor
DL013,29-04-2019,115.71,8.69,44.88,30.45,16.39,0.76,8.12,301,Very Poor
DL013,30-04-2019,134.1,7.21,40.32,26.87,16.97,0.85,24.06,304,Very Poor
DL013,01-05-2019,156.04,6.43,36.08,23.35,15.03,0.84,37.51,321,Very Poor
DL013,02-05-2019,96.18,5.92,29.14,19.95,14.06,0.92,6.56,254,Poor
DL013,03-05-2019,70.15,5.9,29.39,20.11,14.5,0.78,23.89,175,Moderate
DL013,04-05-2019,98.09,5.23,45,27.73,17.42,0.77,27.57,194,Moderate
DL013,05-05-2019,122.22,7.75,48.38,31.53,19.58,0.77,22.39,280,Poor
DL013,06-05-2019,113.81,40.55,69.32,68.73,29.92,1.38,28.13,295,Poor
DL013,07-05-2019,118.7,27.02,60.53,53.31,26.05,1.3,27.88,263,Poor
DL013,08-05-2019,127.38,69.89,56.71,85.6,35.03,1.75,46.01,307,Very Poor
DL013,09-05-2019,127.45,13.96,50.6,37.66,21.13,0.96,28.22,307,Very Poor
DL013,10-05-2019,112.34,6,28.66,19.8,15.74,0.67,23.63,284,Poor
DL013,11-05-2019,131.41,5.86,33.13,22.03,15.34,0.91,25.21,295,Poor
DL013,12-05-2019,207.02,5.31,30.01,19.96,13.69,1.01,17.58,337,Very Poor
DL013,13-05-2019,148.39,10.06,44.86,31.53,18.88,1.36,42.37,346,Very Poor
DL013,14-05-2019,130.93,4.52,25.12,16.44,13.5,0.68,10.7,310,Very Poor
DL013,15-05-2019,124.13,32.91,63.28,59.46,38.27,1.24,10.33,306,Very Poor
DL013,16-05-2019,128.07,23.47,50.08,44.99,39.43,1,11.81,304,Very Poor
DL013,17-05-2019,209.32,23.77,42.78,41.42,34.9,0.88,7.88,335,Very Poor
DL013,18-05-2019,130.95,5.38,22.66,16.17,19.48,2.61,3.24,347,Very Poor
DL013,19-05-2019,171.47,6.33,37.47,24.68,24.3,3.48,8.92,322,Very Poor
DL013,20-05-2019,91.8,14.29,51.83,38.57,33.3,0.71,15.28,293,Poor
DL013,21-05-2019,78.41,6.21,45.37,28.72,29.23,0.87,16.41,190,Moderate
DL013,22-05-2019,67.21,10.64,44.1,31.61,28.22,0.89,12.03,125,Moderate
DL013,23-05-2019,84.49,31.66,48.25,50.59,38.91,1.07,19.17,163,Moderate
DL013,24-05-2019,51.42,10.54,28.11,22.47,22.61,0.71,8.2,116,Moderate
DL013,25-05-2019,63.09,6.88,26.7,19.47,21.04,0.55,7.51,121,Moderate
DL013,26-05-2019,62.97,4.61,28.2,18.45,19.39,0.76,8.67,104,Moderate
DL013,27-05-2019,80.06,7.62,40.27,27.18,24.5,0.7,14.08,149,Moderate
DL013,28-05-2019,78.13,5.26,52.97,31.95,28.98,0.88,16.76,162,Moderate
DL013,29-05-2019,108.63,5.29,48.14,29.43,27.35,0.71,22.17,184,Moderate
DL013,30-05-2019,89.89,30.38,58.23,54.79,40.31,1.29,10.53,261,Poor
DL013,31-05-2019,132.22,15.04,43.48,34.8,28.28,1.01,17.5,261,Poor
DL013,01-06-2019,124.44,37.79,49.34,56.06,39.79,1.44,14.42,308,Very Poor
DL013,02-06-2019,73.32,4.45,24.09,16.17,18.54,0.74,5.15,215,Poor
DL013,03-06-2019,87.37,4.24,18.58,13.11,15.14,0.55,3.27,175,Moderate
DL013,04-06-2019,69.12,4.04,22.23,14.87,16.79,0.53,4.18,129,Moderate
DL013,05-06-2019,96.4,6.96,42.84,21,18.45,0.81,9.49,211,Poor
DL013,06-06-2019,99.9,14.01,64.26,28.77,24.28,0.7,10.21,219,Poor
DL013,07-06-2019,58.65,4.62,22.52,15.48,21.56,0.7,7.12,145,Moderate
DL013,08-06-2019,78.42,6.62,29.36,20.67,24.45,0.93,7.52,148,Moderate
DL013,09-06-2019,112.22,24.81,53.36,47.79,43.71,1.38,17.25,256,Poor
DL013,10-06-2019,75.9,23.29,56.01,47.95,43.15,1.4,14.18,168,Moderate
DL013,11-06-2019,244.57,20.33,45.32,39.99,37.39,1.16,14.45,313,Very Poor
DL013,12-06-2019,86.53,6.18,20.84,15.86,21.68,0.54,8.42,300,Poor
DL013,13-06-2019,70.23,4.94,21.47,15.2,20.31,0.66,5.73,166,Moderate
DL013,14-06-2019,71.83,4.68,31.4,20.19,24.02,0.63,5.49,117,Moderate
DL013,15-06-2019,120.96,7.55,50.17,32.3,33.34,0.63,10.81,219,Poor
DL013,16-06-2019,75.41,4.3,13.34,10.42,17.34,0.52,6.8,244,Poor
DL013,17-06-2019,63.28,4.76,21.31,14.97,21.12,0.83,8.04,110,Moderate
DL013,18-06-2019,83.35,7.39,20.53,16.66,21.47,0.74,5.97,180,Moderate
DL013,19-06-2019,121.93,8.91,34.75,25.32,28.23,0.6,9.58,219,Poor
DL013,20-06-2019,69.09,6.76,24.02,17.98,23.87,0.53,7.13,188,Moderate
DL013,21-06-2019,133.37,6.46,30.12,20.94,24.8,0.85,9.89,265,Poor
DL013,22-06-2019,91.68,5.77,29.81,20.23,22.72,0.74,9.98,253,Poor
DL013,23-06-2019,128.78,4.66,13.16,10.62,16.68,0.52,7.86,281,Poor
DL013,24-06-2019,98.08,4.9,11.92,10.16,17,0.48,7,277,Poor
DL013,25-06-2019,107.94,6.1,18.18,14.4,19.65,0.63,8.34,212,Poor
DL013,26-06-2019,152.58,8.27,26.75,20.59,27.04,0.72,12.26,311,Very Poor
DL013,27-06-2019,71.58,6.5,23.53,17.49,23.33,0.64,13.12,,
DL013,28-06-2019,70.45,6.65,26.37,19.11,23.51,0.66,13.57,138,Moderate
DL013,29-06-2019,70.37,6.18,22.05,16.48,22.38,0.66,12.41,135,Moderate
DL013,30-06-2019,71.41,10.24,22.32,19.88,24.34,0.7,14.2,137,Moderate
DL013,01-07-2019,85.62,5.3,15.08,12.15,19.5,0.66,13.63,146,Moderate
DL013,02-07-2019,154.12,7.12,22.3,17.32,18.74,0.55,13.23,300,Poor
DL013,03-07-2019,94.88,4.71,17.58,12.97,16.22,0.53,11.19,269,Poor
DL013,04-07-2019,107,8.88,19.15,17.13,20.57,0.66,12.56,241,Poor
DL013,05-07-2019,52.21,15.54,14.95,20.26,27.19,0.7,17.15,158,Moderate
DL013,06-07-2019,46.65,9.23,28.27,22.18,27.05,0.64,12.18,84,Satisfactory
DL013,07-07-2019,41,2.91,31.85,18.97,25.52,0.54,9.46,66,Satisfactory
DL013,08-07-2019,40.88,3.64,36.35,21.94,73.69,0.57,10.64,71,Satisfactory
DL013,09-07-2019,44.91,3.4,35.04,21.06,47.87,0.49,9.61,76,Satisfactory
DL013,10-07-2019,39.39,3.53,30.87,18.98,26.09,0.47,11.54,66,Satisfactory
DL013,11-07-2019,94.13,4.33,27.5,17.86,25.31,0.39,10.41,117,Moderate
DL013,12-07-2019,129.04,4.6,26.63,17.63,35.45,0.76,10.56,290,Poor
DL013,13-07-2019,120.93,2.49,24.51,14.83,22.83,0.42,11.64,302,Very Poor
DL013,14-07-2019,120.68,2.68,23.44,14.42,19.75,0.53,9.92,300,Poor
DL013,15-07-2019,138.25,4.83,30.8,20.04,23.06,0.54,9.83,313,Very Poor
DL013,16-07-2019,63.45,2.73,28.32,17.01,21.91,0.44,10.56,222,Poor
DL013,17-07-2019,54.03,4.03,25.36,16.5,24.01,0.68,7.86,81,Satisfactory
DL013,18-07-2019,57.9,11.03,31.69,25.42,31.25,0.71,6.06,106,Moderate
DL013,19-07-2019,76.52,31.94,35.64,44.19,38.15,1.04,8.55,126,Moderate
DL013,20-07-2019,72.94,9.86,28.59,19.58,12.07,0.74,7.69,162,Moderate
DL013,21-07-2019,67.7,6.8,14.26,12.83,5.72,0.88,8.41,135,Moderate
DL013,22-07-2019,87.53,6.74,43.49,28.16,42.15,1.43,13.12,185,Moderate
DL013,23-07-2019,82.14,11.11,46.07,33,64.79,0.83,10.88,151,Moderate
DL013,24-07-2019,75.44,12.16,28.97,24.9,45.95,1.04,12.08,166,Moderate
DL013,25-07-2019,56.46,5.44,40.82,25.73,52.25,0.56,8.54,99,Satisfactory
DL013,26-07-2019,47.91,6.65,51.11,32.08,63.11,0.61,8.18,102,Moderate
DL013,27-07-2019,41.98,7.52,38.63,26.24,49.74,0.69,8.25,73,Satisfactory
DL013,28-07-2019,34.02,5.32,28.32,19.08,38.68,0.52,8.52,62,Satisfactory
DL013,29-07-2019,40.89,5.47,35.92,23.18,41.53,0.64,8.18,68,Satisfactory
DL013,30-07-2019,38.19,4.68,23.78,16.19,30.97,0.63,8.22,75,Satisfactory
DL013,31-07-2019,44.34,4.98,29.78,19.57,32.99,0.56,8.16,69,Satisfactory
DL013,01-08-2019,53.23,5.02,24.93,17.06,29.61,0.55,9,88,Satisfactory
DL013,02-08-2019,53.79,4.36,18.88,13.37,24.46,0.61,8.62,83,Satisfactory
DL013,03-08-2019,49.3,8.36,26.54,20.59,34.87,0.64,9.59,83,Satisfactory
DL013,04-08-2019,47.55,11.76,28.56,24.37,43.22,0.75,12.19,81,Satisfactory
DL013,05-08-2019,66.7,13.1,32,27.23,45.85,0.94,11.07,107,Moderate
DL013,06-08-2019,18.17,6.96,55.63,34.7,104.86,1.41,3.38,108,Moderate
DL013,07-08-2019,44.33,7.99,55.76,35.59,70.12,0.92,2.9,74,Satisfactory
DL013,08-08-2019,40.19,7.2,62.23,38.34,85.95,0.87,5.62,,
DL013,09-08-2019,27.89,4.72,29.01,18.93,39.89,0.82,6.89,47,Good
DL013,10-08-2019,21.8,4.06,29.96,18.93,36.45,0.81,7.25,46,Good
DL013,11-08-2019,,,,,,,,,
DL013,12-08-2019,32.77,5.5,19.81,10.22,25.44,0.62,20.26,,
DL013,13-08-2019,29.93,4.75,16.13,12.04,22.08,0.64,19.67,54,Satisfactory
DL013,14-08-2019,74.66,6.39,28.68,16.78,39.96,1.02,19.27,,
DL013,15-08-2019,46.57,7.1,15.08,13.57,27.57,0.87,22.16,109,Moderate
DL013,16-08-2019,27.68,5.48,18.75,14.2,28.15,0.67,10.3,54,Satisfactory
DL013,17-08-2019,20.62,7.66,16.28,14.66,28.17,0.49,5.08,45,Good
DL013,18-08-2019,25.11,7.58,14.73,13.77,25.9,0.85,26.74,55,Satisfactory
DL013,19-08-2019,56.17,17.39,15.74,22.14,36.06,1.1,28.08,84,Satisfactory
DL013,20-08-2019,65.27,17.44,19.83,23.44,32.84,1.02,14.02,111,Moderate
DL013,21-08-2019,69.03,5.63,17.38,13.6,23.12,0.99,5.47,116,Moderate
DL013,22-08-2019,79.96,15.02,16.69,19.35,28.4,0.96,6.93,165,Moderate
DL013,23-08-2019,74.13,38.34,9.97,29.22,46.78,1.18,6.64,139,Moderate
DL013,24-08-2019,90.51,80.25,15.3,53.87,74.61,1.75,6.85,180,Moderate
DL013,25-08-2019,62.97,8.04,18.86,16.27,23.81,0.8,3.31,155,Moderate
DL013,26-08-2019,34.95,10.58,17.16,17.45,25.11,0.81,6.59,81,Satisfactory
DL013,27-08-2019,62.84,20.67,15.44,24.62,31.37,0.98,8.05,96,Satisfactory
DL013,28-08-2019,65.25,16.74,9.54,18.39,27.27,0.95,3.28,117,Moderate
DL013,29-08-2019,42.25,8.09,28.08,20.98,28.96,0.76,5.84,88,Satisfactory
DL013,30-08-2019,63.93,8.74,31.6,23.54,30.91,0.54,5.5,88,Satisfactory
DL013,31-08-2019,59.97,6.69,23.44,17.62,30.06,0.78,5.81,99,Satisfactory
DL013,01-09-2019,43.3,7.01,16,13.99,24.86,0.68,6.28,105,Moderate
DL013,02-09-2019,49.98,6.99,15.24,13.57,22.91,0.56,6.17,69,Satisfactory
DL013,03-09-2019,92.51,5.65,14.88,12.31,20.65,0.69,10.99,157,Moderate
DL013,04-09-2019,82.83,5.15,18.34,13.72,21.17,0.65,13.24,196,Moderate
DL013,05-09-2019,35.18,6.1,24.1,17.5,27.94,0.47,15.06,100,Satisfactory
DL013,06-09-2019,40.77,7.22,25.17,18.96,27.41,0.43,15.13,62,Satisfactory
DL013,07-09-2019,33.39,8.34,29.8,22.28,31,0.4,15.37,61,Satisfactory
DL013,08-09-2019,23.08,6.43,36.42,24.15,35.38,0.53,14.97,52,Satisfactory
DL013,09-09-2019,50.65,6.58,30.35,21.15,29.98,0.68,16.19,83,Satisfactory
DL013,10-09-2019,55.18,8.08,23.61,18.83,31.25,0.46,16.76,90,Satisfactory
DL013,11-09-2019,48.84,9.45,21.22,18.67,29.61,0.59,16.8,76,Satisfactory
DL013,12-09-2019,39.53,9.57,31.55,24.18,34.77,0.54,18.2,84,Satisfactory
DL013,13-09-2019,23.16,6.02,25.46,18.15,26.95,0.4,5.17,,
DL013,14-09-2019,20.6,6.12,15.68,13.11,22.49,0.27,4.88,37,Good
DL013,15-09-2019,25.46,6.94,9.95,10.76,21.04,0.49,6.49,36,Good
DL013,16-09-2019,41.7,13.75,18.59,20.74,31.86,0.66,8.57,56,Satisfactory
DL013,17-09-2019,44.46,6.79,16.81,14.23,25.4,0.59,9.02,81,Satisfactory
DL013,18-09-2019,25.73,5.82,19.47,14.85,24.06,0.29,7.49,56,Satisfactory
DL013,19-09-2019,20.6,6.11,28.84,19.99,24.3,0.32,7.06,36,Good
DL013,20-09-2019,35.48,11.02,23.54,21.14,29.76,0.41,8.77,55,Satisfactory
DL013,21-09-2019,30.09,10.4,25.03,21.42,30.16,0.47,9.14,52,Satisfactory
DL013,22-09-2019,26.68,11.91,6.87,12.53,26.33,0.45,10.64,48,Good
DL013,23-09-2019,32.11,8.93,28.18,21.91,27.37,0.42,8.92,52,Satisfactory
DL013,24-09-2019,38.08,13.26,44.1,33.7,32.33,0.46,10.37,58,Satisfactory
DL013,25-09-2019,25.4,10.6,28.51,23.4,27.94,0.41,10.31,54,Satisfactory
DL013,26-09-2019,23.62,10.13,32.98,25.37,27.04,0.45,10.86,42,Good
DL013,27-09-2019,15.57,5.55,22.37,16.15,22.6,1.05,10.39,66,Satisfactory
DL013,28-09-2019,22.03,6.56,18.51,14.93,25.08,1.11,9.52,88,Satisfactory
DL013,29-09-2019,16.2,5.25,18.75,14.02,21.26,0.2,9.26,33,Good
DL013,30-09-2019,30.91,5.8,23.95,17.18,24.45,0.34,10.28,35,Good
DL013,01-10-2019,28.47,6.76,23.83,17.89,25.88,0.41,11.21,54,Satisfactory
DL013,02-10-2019,29.15,7.48,32.27,22.88,27.17,0.47,11.84,45,Good
DL013,03-10-2019,57.11,9.41,34.47,25.58,31.92,0.49,14.69,78,Satisfactory
DL013,04-10-2019,33.14,8.31,36.53,25.77,32.09,0.34,13.47,72,Satisfactory
DL013,05-10-2019,36.17,5.12,36.59,23.26,24.34,0.57,12.82,57,Satisfactory
DL013,06-10-2019,44.64,5.17,48.81,29.69,21.65,0.38,13.62,69,Satisfactory
DL013,07-10-2019,56.87,5.64,51.41,31.43,21.27,0.63,11.98,89,Satisfactory
DL013,08-10-2019,33.87,5.02,45.69,27.94,19.48,0.58,12.88,71,Satisfactory
DL013,09-10-2019,59.23,11.95,69.57,45.99,38.8,0.76,17.99,89,Satisfactory
DL013,10-10-2019,98.58,5.56,49.16,30.19,40.01,0.73,22.89,155,Moderate
DL013,11-10-2019,76.59,6.12,46.71,29.35,36.61,0.62,23.6,188,Moderate
DL013,12-10-2019,100.92,7.55,52.67,33.61,26.21,0.62,23.48,205,Poor
DL013,13-10-2019,137.1,9.26,59.24,38.42,30.01,0.93,22.6,290,Poor
DL013,14-10-2019,109.3,13.02,51.17,37.2,47.2,0.82,23.26,293,Poor
DL013,15-10-2019,116.79,19.4,56.18,44.92,42.87,0.94,27.17,283,Poor
DL013,16-10-2019,133.06,12.87,59.65,41.53,43.6,0.76,25.66,299,Poor
DL013,17-10-2019,116.65,7.93,65.9,40.85,36.73,0.92,52.27,298,Poor
DL013,18-10-2019,91.24,7.24,51.08,32.54,42.5,0.88,28.46,255,Poor
DL013,19-10-2019,82.39,8.7,58.84,37.76,58.67,0.73,11.82,163,Moderate
DL013,20-10-2019,79.53,6.19,52.93,32.67,53.51,0.85,13.31,198,Moderate
DL013,21-10-2019,108.73,4.76,54.9,32.55,54.01,1.05,14.94,218,Poor
DL013,22-10-2019,77.38,10.94,59.91,40.11,63.08,1.19,17.06,203,Poor
DL013,23-10-2019,103.23,26.57,71.07,58.46,92.7,1.64,19.56,191,Moderate
DL013,24-10-2019,135.82,29.09,73.39,61.69,98.2,1.52,23.31,295,Poor
DL013,25-10-2019,99.67,18.05,56.74,44.15,73.17,1.15,27.6,279,Poor
DL013,26-10-2019,114.18,34.84,60.87,59.74,99.02,1.35,7.55,232,Poor
DL013,27-10-2019,177.33,34.05,66.81,62.22,106.56,1.66,9.48,329,Very Poor
DL013,28-10-2019,339.96,24.01,63.95,52.7,89.69,1.51,9.78,446,Severe
DL013,29-10-2019,290.9,39.85,77.4,72.4,124.63,2.11,10.66,413,Severe
DL013,30-10-2019,252.4,77.87,75.89,102.03,175.01,2.11,13,412,Severe
DL013,31-10-2019,275.98,84.48,76.49,107.63,188.06,2.18,20.33,400,Very Poor
DL013,01-11-2019,334.09,39.67,84.58,76.02,129.27,1.73,19.53,457,Severe
DL013,02-11-2019,287.87,13.84,68.2,46.78,87.29,1.18,13.21,432,Severe
DL013,03-11-2019,570.97,15.77,68.75,48.61,95.82,1.77,17.12,550,Severe
DL013,04-11-2019,293.88,12.48,60.98,41.91,75.93,1.16,20.78,568,Severe
DL013,05-11-2019,182.67,11.11,54.51,37.43,66.13,1.04,13.4,389,Very Poor
DL013,06-11-2019,78.98,42.29,70.02,70.49,115.89,1.03,13.79,209,Poor
DL013,07-11-2019,132.51,14.58,65.01,45.71,80.09,0.93,9.33,235,Poor
DL013,08-11-2019,130.66,20,57.29,45.99,81.8,1.01,14.6,322,Very Poor
DL013,09-11-2019,103.32,8.92,53.39,35.09,63.76,0.69,11.61,274,Poor
DL013,10-11-2019,167.09,7.73,63.58,39.48,68.32,0.74,10.44,310,Very Poor
DL013,11-11-2019,215.58,7.8,64.62,40.08,73.4,1.07,11.62,351,Very Poor
DL013,12-11-2019,290.46,6.66,75.38,44.85,82.73,1.4,17.84,405,Severe
DL013,13-11-2019,267.89,12.3,76.08,49.67,89.06,1.48,19.07,416,Severe
DL013,14-11-2019,263.75,32.37,88.18,72.07,122.42,1.85,25.55,414,Severe
DL013,15-11-2019,266.61,27.54,68.69,57.99,112.09,1.35,33.51,422,Severe
DL013,16-11-2019,117.34,9.32,60.59,39.17,82.85,1.03,27.71,349,Very Poor
DL013,17-11-2019,64.15,6.6,52.41,32.72,70.72,0.67,13.79,175,Moderate
DL013,18-11-2019,87.15,12.22,56.8,39.51,82.02,0.86,12.46,170,Moderate
DL013,19-11-2019,106.79,22.99,73.68,56.96,109.27,1.05,19.74,194,Moderate
DL013,20-11-2019,156.69,84.33,104.26,122.04,228.91,1.78,28.67,307,Very Poor
DL013,21-11-2019,169.18,54.82,99.07,95.73,167.33,1.68,34.95,340,Very Poor
DL013,22-11-2019,167.28,22.04,88.99,64.22,110.86,1.5,19.3,337,Very Poor
DL013,23-11-2019,88.44,10.54,64.72,42.32,68.35,0.84,9.98,273,Poor
DL013,24-11-2019,64.32,6.2,50.55,31.43,59.71,0.63,7.08,143,Moderate
DL013,25-11-2019,70.61,18.07,52.11,41.74,69.4,0.95,14.6,131,Moderate
DL013,26-11-2019,80.14,13.22,55.64,39.71,68.28,0.84,20.79,145,Moderate
DL013,27-11-2019,54.37,7.57,43.28,28.71,57.74,0.68,9.02,101,Moderate
DL013,28-11-2019,28,4.06,25.06,16.43,36.76,0.51,2.33,79,Satisfactory
DL013,29-11-2019,42.07,9.08,37.65,26.97,53.27,0.7,6.41,64,Satisfactory
DL013,30-11-2019,64.4,12.14,51.48,36.67,67.33,1.03,10.28,90,Satisfactory
DL013,01-12-2019,75.7,7.08,62.36,38.31,60.86,0.66,17.24,137,Moderate
DL013,02-12-2019,89.39,12.54,72.53,48.01,60.09,1.05,18.17,182,Moderate
DL013,03-12-2019,87.65,22.74,76.78,58.41,67.18,1.1,23.54,194,Moderate
DL013,04-12-2019,153.38,51.76,76.73,81.58,82.09,1.65,39.4,247,Poor
DL013,05-12-2019,275.42,50.04,80.9,82.38,79.46,2.06,43.45,396,Very Poor
DL013,06-12-2019,160.99,17.86,66.22,48.96,30.6,1.47,22.4,367,Very Poor
DL013,07-12-2019,153.3,37.71,61.31,62.27,40.76,1.43,21.59,325,Very Poor
DL013,08-12-2019,178.43,72.1,68.5,93.54,58.45,1.79,37.74,341,Very Poor
DL013,09-12-2019,126.15,31.13,71.22,62.19,40.39,1.2,25.17,320,Very Poor
DL013,10-12-2019,176.28,43.15,85.06,79.07,49,1.64,24.08,321,Very Poor
DL013,11-12-2019,230.09,79.61,99.03,115.53,74.09,2.04,23.28,367,Very Poor
DL013,12-12-2019,245.67,38.79,96.3,81.45,55.52,1.09,39.01,405,Severe
DL013,13-12-2019,69.58,4.57,44.01,26.7,20.8,0.83,4.22,269,Poor
DL013,14-12-2019,50.11,11.04,50.45,35.25,23.42,0.6,6.94,101,Moderate
DL013,15-12-2019,68.5,13.62,57.44,40.97,26.63,0.41,16.13,110,Moderate
DL013,16-12-2019,66.15,5.73,39.29,25.15,18.51,0.4,7.59,132,Moderate
DL013,17-12-2019,66.07,7.41,34.15,23.81,19.77,0.53,3.75,102,Moderate
DL013,18-12-2019,112.97,12.97,53.61,38.44,31,0.78,10.62,209,Poor
DL013,19-12-2019,192.04,45.15,70.63,73.1,47.48,1.29,24.43,308,Very Poor
DL013,20-12-2019,302.24,49.75,91.04,87.46,63.82,1.58,44.09,407,Severe
DL013,21-12-2019,241.56,30.99,67.42,60.09,50.27,1.06,31.01,431,Severe
DL013,22-12-2019,139.79,6.72,41.4,27.03,30.15,0.72,4.21,346,Very Poor
DL013,23-12-2019,150.01,10.37,42.65,30.63,30.86,0.87,1.95,310,Very Poor
DL013,24-12-2019,252.23,23.8,66.73,53.98,46.11,1.07,12.77,362,Very Poor
DL013,25-12-2019,171.59,12.72,42.25,32.29,28.21,0.66,18.83,387,Very Poor
DL013,26-12-2019,179.52,7.41,45.77,29.88,30.53,0.7,10.59,330,Very Poor
DL013,27-12-2019,258.83,8.7,54.84,35.67,34.57,0.92,18.01,374,Very Poor
DL013,28-12-2019,259.97,25.1,52.48,47.56,40.73,1.19,29.89,418,Severe
DL013,29-12-2019,283.38,9.83,62.3,40.49,35.82,1.04,31.83,412,Severe
DL013,30-12-2019,312.97,35.65,67.9,64.07,46.66,1.45,52.99,431,Severe
DL013,31-12-2019,213.72,40.22,49.03,57.85,47.71,0.91,38.52,411,Severe
DL013,01-01-2020,325.3,100.4,65.95,114.85,84.65,1.63,92.83,459,Severe
DL013,02-01-2020,267.77,120.7,67.48,131.89,113.22,1.71,72.61,426,Severe
DL013,03-01-2020,233.12,58.89,56.81,76.79,64.52,1.81,54.87,413,Severe
DL013,04-01-2020,187.81,75.77,80.41,102.72,77.31,1.72,42.14,335,Very Poor
DL013,05-01-2020,141.54,10.28,63.34,41.36,34.92,0.68,3.2,334,Very Poor
DL013,06-01-2020,115.12,21.26,68.66,52.96,44.36,0.74,9.21,293,Poor
DL013,07-01-2020,91.46,12.33,55.71,39.03,32.16,0.88,5.32,232,Poor
DL013,08-01-2020,99.82,11.73,47.09,34.08,30.62,0.84,12.38,222,Poor
DL013,09-01-2020,64.31,4.99,35.96,22.82,20.1,0.62,8.57,178,Moderate
DL013,10-01-2020,102.36,12.37,59.27,40.93,30.51,0.73,10.31,180,Moderate
DL013,11-01-2020,100.48,13.73,67.75,46.46,39.56,1.11,10.7,249,Poor
DL013,12-01-2020,155.87,41.62,82.66,76.56,60.97,2.01,9.71,300,Poor
DL013,13-01-2020,204.8,33.8,70.73,64.07,57.82,1.98,9.99,352,Very Poor
DL013,14-01-2020,127.04,6.41,41.14,26.66,27.22,1.26,8.03,338,Very Poor
DL013,15-01-2020,89.32,7.53,49.21,31.79,28.5,0.79,5.06,198,Moderate
DL013,16-01-2020,123.6,13.98,51.2,37.99,31.31,0.98,4.05,254,Poor
DL013,17-01-2020,82.54,13.38,45.34,34.45,28.01,0.98,14.18,254,Poor
DL013,18-01-2020,112.89,14.33,46.63,35.88,27.33,0.84,17.82,216,Poor
DL013,19-01-2020,114.51,6.37,42.38,27.28,23.46,0.7,19.68,295,Poor
DL013,20-01-2020,132.6,14.36,51.78,38.6,32.01,1.12,22.49,277,Poor
DL013,21-01-2020,190.18,54.95,63.1,77,61.15,1.51,32.2,339,Very Poor
DL013,22-01-2020,164.99,35.25,58.6,58.88,63.75,1.25,19.11,348,Very Poor
DL013,23-01-2020,56.58,4.24,41.38,25.06,33.9,0.43,8.88,238,Poor
DL013,24-01-2020,64.5,5.83,55.25,33.64,37.35,0.65,6.1,91,Satisfactory
DL013,25-01-2020,108.77,21.73,76.38,57.37,49.42,0.91,11.62,205,Poor
DL013,26-01-2020,159.98,20.23,53.45,44.15,46.33,1.31,12.48,321,Very Poor
DL013,27-01-2020,183.69,80.1,97.78,115.29,87.42,1.79,17.06,334,Very Poor
DL013,28-01-2020,76.32,5.95,45.8,28.66,35.76,1.22,10.72,260,Poor
DL013,29-01-2020,65.29,11.68,49.76,35.27,38.83,0.72,10.76,149,Moderate
DL013,30-01-2020,65.76,7.69,50.14,32.38,33.79,0.63,10.98,122,Moderate
DL013,31-01-2020,71.66,8.26,55.26,35.54,35.79,0.59,12.22,122,Moderate
DL013,01-02-2020,120.93,19.17,46.66,39.76,38.52,0.92,11.53,252,Poor
DL013,02-02-2020,76.27,7.28,51.36,32.72,33.46,0.95,15.47,190,Moderate
DL013,03-02-2020,112.99,14.52,62.79,44.48,39.04,1.02,14.43,233,Poor
DL013,04-02-2020,166.13,51.25,69.55,77.4,59.42,1.26,16.38,316,Very Poor
DL013,05-02-2020,123.02,14.33,53.19,39.31,36.26,0.82,17.44,320,Very Poor
DL013,06-02-2020,95.8,13.94,52.75,38.75,38.44,0.79,11.85,236,Poor
DL013,07-02-2020,157.59,11.96,56.04,38.91,36.85,0.85,14.92,314,Very Poor
DL013,08-02-2020,127.29,11.1,56.2,38.25,39.19,0.86,16.81,311,Very Poor
DL013,09-02-2020,115.95,11.41,53.82,37.3,37.46,0.84,16.25,279,Poor
DL013,10-02-2020,135.54,12.34,57.64,40.05,37.2,0.98,19.76,311,Very Poor
DL013,11-02-2020,125.85,19.99,58.78,46.76,46.17,1.03,16.69,307,Very Poor
DL013,12-02-2020,145.05,6.94,48.21,30.82,42.51,0.98,18.14,314,Very Poor
DL013,13-02-2020,74.49,6.72,44.86,28.86,40.75,1.27,18.52,232,Poor
DL013,14-02-2020,62.99,5.13,35.45,22.67,39.84,0.67,12.94,124,Moderate
DL013,15-02-2020,62.94,5.34,52.91,31.97,43.23,0.49,17.98,101,Moderate
DL013,16-02-2020,114.33,10.32,67.76,43.73,49.49,1.11,18.58,224,Poor
DL013,17-02-2020,136.17,27.8,73.57,60.76,58.34,1.2,18.3,307,Very Poor
DL013,18-02-2020,90.09,10.29,68.86,44.29,45.98,0.78,17.55,239,Poor
DL013,19-02-2020,143.19,144.33,90.33,162.76,106.56,2.08,37.29,292,Poor
DL013,20-02-2020,103.31,4.28,42.48,25.63,36.68,0.81,30.58,267,Poor
DL013,21-02-2020,50.41,4.31,24.82,16.44,30.04,1.12,11.38,177,Moderate
DL013,22-02-2020,43.72,14.64,39.53,32.44,30.34,0.97,10.96,75,Satisfactory
DL013,23-02-2020,124.94,23.46,57.03,48.63,36.84,0.63,18.97,230,Poor
DL013,24-02-2020,53.34,9.02,47.02,31.83,29.34,0.45,16,150,Moderate
DL013,25-02-2020,119.47,6.45,51.28,32,29.99,0.78,15.17,209,Poor
DL013,26-02-2020,138.36,39.93,63.75,65.32,33.1,1.26,13.11,308,Very Poor
DL013,27-02-2020,109.73,14.69,61.36,43.87,30.71,1.12,12.37,292,Poor
DL013,28-02-2020,83.34,4.74,40.27,24.88,26.52,0.8,12.88,211,Poor
DL013,29-02-2020,58.01,3.78,39.47,23.69,27.35,0.56,16.41,137,Moderate
DL013,01-03-2020,42.74,9.78,51.12,34.59,24.1,0.69,14.49,72,Satisfactory
DL013,02-03-2020,118.43,26.26,59.48,52.15,33.59,0.94,18.56,202,Poor
DL013,03-03-2020,80.71,11.52,53.69,37.32,33.42,0.65,10.77,220,Poor
DL013,04-03-2020,91.67,9.26,56.31,36.88,29.09,0.94,25.61,215,Poor
DL013,05-03-2020,32.59,4.72,40.26,24.85,22.68,0.72,11.26,91,Satisfactory
DL013,06-03-2020,20.32,3.27,43.54,25.09,19.64,0.91,10.63,56,Satisfactory
DL013,07-03-2020,38.82,9.49,32.88,24.61,24.33,0.82,17.17,67,Satisfactory
DL013,08-03-2020,138.6,31.45,31.82,41.86,18.77,1.19,27.4,250,Poor
DL013,09-03-2020,54.95,5.6,31.05,20.73,13.98,0.79,11.4,169,Moderate
DL013,10-03-2020,92.85,4.23,29.95,19.04,13.59,0.95,6.95,197,Moderate
DL013,11-03-2020,51.13,3.45,24.87,15.78,15.68,1.14,7.1,104,Moderate
DL013,12-03-2020,66.47,8.23,25.92,20.15,16.9,1.21,12.67,104,Moderate
DL013,13-03-2020,78,9.5,30.78,23.72,18.28,0.61,18.28,153,Moderate
DL013,14-03-2020,36.1,2.3,21.41,13.05,11.55,1.16,12.87,89,Satisfactory
DL013,15-03-2020,61.9,6.41,20.47,15.84,11.27,1.28,15.19,106,Moderate
DL013,16-03-2020,65.65,7.35,34.01,23.69,13.7,1.13,15.75,108,Moderate
DL013,17-03-2020,58.31,4.28,38.64,23.65,17.08,0.91,11.24,124,Moderate
DL013,18-03-2020,67.46,3.5,36.63,21.98,17.16,0.99,11.45,101,Moderate
DL013,19-03-2020,93.2,6.85,36.51,24.6,22.76,0.87,18.32,161,Moderate
DL013,20-03-2020,118.16,10.57,44.27,31.63,23.22,0.97,17.26,286,Poor
DL013,21-03-2020,90.13,11.64,36.06,28.19,22.51,0.74,14.39,234,Poor
DL013,22-03-2020,76.15,4.76,23.37,16.05,19.15,0.76,15.51,187,Moderate
DL013,23-03-2020,45.85,5.52,24.72,17.37,15.58,0.76,8.43,92,Satisfactory
DL013,24-03-2020,50.67,5.46,23.6,16.73,17.15,0.69,11.76,88,Satisfactory
DL013,25-03-2020,30.91,5.73,17.65,13.83,16.64,0.44,11.18,59,Satisfactory
DL013,26-03-2020,13,6.68,17.33,14.41,11.65,0.6,13.62,54,Satisfactory
DL013,27-03-2020,12.8,5.26,12.31,10.65,9.42,0.71,7.77,48,Good
DL013,28-03-2020,11.63,5.09,14.01,11.41,14.09,0.51,10.4,41,Good
DL013,29-03-2020,11.79,4.91,17.38,13.02,19.93,0.68,6.65,52,Satisfactory
DL013,30-03-2020,11.55,4.97,17.01,12.88,15.89,0.57,9.14,43,Good
DL013,31-03-2020,11.41,4.62,15.7,11.91,16.04,0.42,11.67,46,Good
DL013,01-04-2020,12.26,5.03,16.25,12.54,15.32,0.51,15.39,43,Good
DL013,02-04-2020,11.9,4.42,13.31,10.51,15.31,0.53,9.48,64,Satisfactory
DL013,03-04-2020,11.4,4.25,14.39,10.93,13.91,0.47,7.64,62,Satisfactory
DL013,04-04-2020,11.41,4.32,13.66,10.61,12.01,0.8,10.01,68,Satisfactory
DL013,05-04-2020,13.28,4.22,9.93,8.57,9.04,0.83,16.54,54,Satisfactory
DL013,06-04-2020,11.05,4.33,15.09,11.36,15.27,0.84,23.01,63,Satisfactory
DL013,07-04-2020,11.76,4.89,22.68,15.79,23.59,0.7,11.78,61,Satisfactory
DL013,08-04-2020,12.03,4.6,21.65,15.02,22.52,0.34,10.53,25,Good
DL013,09-04-2020,11.08,4.45,21.81,14.98,21.66,0.53,9.13,37,Good
DL013,10-04-2020,11.95,4.83,24.22,16.55,20.93,0.84,10.43,70,Satisfactory
DL013,11-04-2020,11.84,4.78,24.06,16.42,20.37,0.92,19.03,80,Satisfactory
DL013,12-04-2020,11,4.39,19,13.46,17.91,0.76,11.29,59,Satisfactory
DL013,13-04-2020,11.98,4.67,21.4,14.95,16.05,0.9,15.56,73,Satisfactory
DL013,14-04-2020,12.04,4.71,20.13,14.31,16.27,0.99,17.35,87,Satisfactory
DL013,15-04-2020,14.21,5.1,20.87,15.01,12.91,1.09,17.12,81,Satisfactory
DL013,16-04-2020,12.83,4.62,21.96,15.18,13.66,1.11,28.91,92,Satisfactory
DL013,17-04-2020,11.81,4.18,13.26,10.29,12.75,0.89,12.09,74,Satisfactory
DL013,18-04-2020,11.96,4.33,13.28,10.41,13.22,0.96,11.76,82,Satisfactory
DL013,19-04-2020,11.25,4.8,12.95,10.61,10.77,0.53,9.35,45,Good
DL013,20-04-2020,12.03,4.96,15.04,11.84,10.13,0.79,15.3,58,Satisfactory
DL013,21-04-2020,11.76,4.25,13.82,10.64,10.41,0.98,12.6,76,Satisfactory
DL013,22-04-2020,11.56,4.57,14.26,11.13,9.23,0.91,15.67,77,Satisfactory
DL013,23-04-2020,11.52,4.19,14.16,10.78,8.96,0.98,12.31,75,Satisfactory
DL013,24-04-2020,11.84,4.94,14.41,11.5,8.77,1.08,17.7,80,Satisfactory
DL013,25-04-2020,11.39,4.26,12.5,9.95,9.55,1.15,10.8,88,Satisfactory
DL013,26-04-2020,10.97,4.24,12.24,9.8,9.66,0.61,18.45,69,Satisfactory
DL013,27-04-2020,11.34,4.27,11.42,9.39,9.65,0.84,11.26,76,Satisfactory
DL013,28-04-2020,14,4.63,22.69,15.59,18.93,1.05,10.79,75,Satisfactory
DL013,29-04-2020,24.87,6.15,24.48,17.73,19.7,0.96,13.21,49,Good
DL013,30-04-2020,44.83,4.96,26.96,18.08,24.52,2.04,9.37,106,Moderate
DL013,01-05-2020,57.08,5.09,28.3,18.89,24.45,1.74,9.75,102,Moderate
DL013,02-05-2020,31.94,4.57,23.47,15.94,27.34,1.45,9.3,105,Moderate
DL013,03-05-2020,31.73,4.97,25.09,17.11,23.36,0.29,10.5,78,Satisfactory
DL013,04-05-2020,25.17,4.96,23.35,16.19,23.93,0.74,9.88,79,Satisfactory
DL013,05-05-2020,69.1,5.95,28.58,19.72,23.06,0.86,9.29,107,Moderate
DL013,06-05-2020,69.11,4.76,30.23,19.63,22.58,0.92,8.72,120,Moderate
DL013,07-05-2020,44.63,4.45,21.66,14.9,18.24,0.58,6.55,112,Moderate
DL013,08-05-2020,49.64,4.29,25.51,16.79,20.6,0.6,6.74,87,Satisfactory
DL013,09-05-2020,51.3,4.51,25.37,16.89,20.94,0.68,2.07,99,Satisfactory
DL013,10-05-2020,48.59,4.55,26.4,17.47,21.05,0.34,3.68,88,Satisfactory
DL013,11-05-2020,39.8,4.83,30.19,19.67,20.09,0.78,4.69,92,Satisfactory
DL013,12-05-2020,46.48,4.84,27.4,18.22,19.24,0.59,4,85,Satisfactory
DL013,13-05-2020,65.4,6.59,32.82,22.45,32.02,0.21,3.55,100,Satisfactory
DL013,14-05-2020,68.74,10.43,38.25,28.18,27.41,0.46,9.38,128,Moderate
DL013,15-05-2020,43.54,7.74,41.84,28.1,23.81,0.81,7.51,103,Moderate
DL013,16-05-2020,64.54,4.88,46.26,28.12,16.12,0.61,1.53,115,Moderate
DL013,17-05-2020,83.3,4.93,50.15,30.2,14.64,1.05,2.58,147,Moderate
DL013,18-05-2020,97.17,5.13,56.22,33.54,9.63,0.88,7.52,198,Moderate
DL013,19-05-2020,98.52,5.65,55.95,33.82,12.16,1.44,5.82,234,Poor
DL013,20-05-2020,67.32,4.68,47.66,28.7,20.23,0.65,4.59,163,Moderate
DL013,21-05-2020,64.41,4.44,52.78,31.18,18.47,0.86,6.68,114,Moderate
DL013,22-05-2020,92.46,6.49,68.57,41.1,15.99,1.37,13.39,168,Moderate
DL013,23-05-2020,84.44,15.65,70.76,49.57,22.41,1.3,7.31,196,Moderate
DL013,24-05-2020,88.28,5.43,42.54,26.62,23.24,0.82,17.21,184,Moderate
DL013,25-05-2020,56.08,4.43,41,25.01,23.82,0.94,10.06,134,Moderate
DL013,26-05-2020,53.02,6.2,50.09,31.18,21.19,0.79,7.14,101,Moderate
DL013,27-05-2020,56.11,4.59,36.59,22.83,21.05,0.7,12.42,88,Satisfactory
DL013,28-05-2020,57.47,4.58,25.56,17.05,23.54,0.22,9.37,98,Satisfactory
DL013,29-05-2020,26.19,5.21,30.19,19.97,20.37,0.1,12.86,67,Satisfactory
DL013,30-05-2020,21.6,5.03,27.36,18.34,20.29,0.1,10.7,40,Good
DL013,31-05-2020,19.73,4.9,27.48,18.31,24.06,0.1,9.83,40,Good
DL013,01-06-2020,40.17,5.43,32.55,21.39,16.6,0.24,12.28,46,Good
DL013,02-06-2020,43.29,6.81,37,24.82,12.36,0.27,10.88,74,Satisfactory
DL013,03-06-2020,68.25,6.18,40.66,26.23,16.03,0.72,10.55,99,Satisfactory
DL013,04-06-2020,76.24,8.66,52.83,34.59,16.61,0.89,9.53,150,Moderate
DL013,05-06-2020,45.31,4.52,35.9,22.42,20.91,0.69,6.75,109,Moderate
DL013,06-06-2020,34.16,3.99,26.12,16.87,19.04,0.45,7.34,62,Satisfactory
DL013,07-06-2020,39.19,3.78,25.89,16.58,19.01,0.44,8.07,62,Satisfactory
DL013,08-06-2020,68.69,4.18,23.8,15.79,15.6,0.62,10.25,92,Satisfactory
DL013,09-06-2020,59.75,4.73,24.45,16.59,14.05,0.66,9.3,105,Moderate
DL013,10-06-2020,79.56,4.94,22.05,15.5,13.41,0.72,5.63,153,Moderate
DL013,11-06-2020,67.12,4.37,15.58,11.65,14.12,0.62,8.12,136,Moderate
DL013,12-06-2020,67.53,3.52,20.33,13.47,25.8,0.68,3.57,126,Moderate
DL013,13-06-2020,66.1,4.04,26.5,17.11,31.63,0.62,1.96,109,Moderate
DL013,14-06-2020,98.97,6.64,30.25,21.15,24.25,0.92,10.38,218,Poor
DL013,15-06-2020,44.97,5.03,21.88,15.48,25.52,0.69,6.3,110,Moderate
DL013,16-06-2020,40.88,4.27,19.94,13.85,25.56,0.48,7.84,77,Satisfactory
DL013,17-06-2020,41.18,3.74,16.27,11.51,26.52,0.54,4.76,65,Satisfactory
DL013,18-06-2020,31.43,3.99,18.34,12.79,25.27,0.46,5.77,59,Satisfactory
DL013,19-06-2020,59.29,3.93,19.27,13.23,25.46,0.57,7.2,69,Satisfactory
DL013,20-06-2020,47.68,4.25,20.25,14,24.59,0.39,4.37,97,Satisfactory
DL013,21-06-2020,45.52,6.17,23.06,17.01,23.49,0.57,11.07,79,Satisfactory
DL013,22-06-2020,40.43,4.1,20.4,13.98,26.22,0.69,6.36,77,Satisfactory
DL013,23-06-2020,34.14,4.01,16.46,11.82,31.82,0.74,4.66,75,Satisfactory
DL013,24-06-2020,27.04,4.06,18.4,12.88,30.1,0.89,6.71,63,Satisfactory
DL013,25-06-2020,49.55,4.77,21.12,14.88,31.21,0.85,5.51,68,Satisfactory
DL013,26-06-2020,57.3,4.43,21.91,14.97,29.16,0.78,3.16,97,Satisfactory
DL013,27-06-2020,69.58,4.91,19.85,14.33,29.1,0.5,4.98,90,Satisfactory
DL013,28-06-2020,123.43,6.48,22.18,16.8,27.7,0.57,5.29,229,Poor
DL013,29-06-2020,87.5,5.35,21.9,15.75,26.06,0.77,1.99,288,Poor
DL013,30-06-2020,48.68,4.19,17.68,12.61,28.46,0.68,1.88,98,Satisfactory
DL013,01-07-2020,97.3,3.77,17.19,11.83,30.09,0.71,0.29,85,Satisfactory
